ID,Schenk_Jackson_2002,latitude,longitude,Elevation,MaxDiameter,Measurement,Totmass,Sampdepth,Sampmax,Texture,Depth_org_horizon,Broadleaved_trees,Needleleaved_trees,Shrubs,Semi_shrubs,Grasses,Forbs,Succulents,Tree_phenology,Anthropogenic,Wetland,Vegetation,UMD_cover,PET,MAP,Rainfall_season,D50,D95,D50_extrapolated,D95_extrapolated
AC01a,YES,40.05,-105.6,3650,Total,mass,2.46,0.9,no,medium,5,0,0,0,0,1,1,0,-999,N,N,alpine herbaceous,10,304,993,winter maximum,0.12,0.7,0.15,1.25
AC01b,YES,40.05,-105.6,3650,Total,mass,4.15,0.9,yes,medium,15,0,0,0,0,1,1,0,-999,N,N,alpine herbaceous,10,304,993,winter maximum,0.06,0.5,0.06,0.69
AC01c,YES,40.05,-105.6,3650,Total,mass,4.55,0.9,no,medium,15,0,0,0,0,1,1,0,-999,N,N,alpine herbaceous,10,304,993,winter maximum,0.04,0.52,0.05,0.81
AC01d,YES,40.05,-105.6,3650,Total,mass,3.33,0.35,no,medium,5,0,0,0,0,1,1,0,-999,N,N,alpine herbaceous,10,304,993,winter maximum,0.02,0.22,0.02,0.37
AC01e,YES,40.05,-105.6,3650,Total,mass,4.84,0.4,no,medium,15,0,0,0,0,1,1,0,-999,N,N,alpine herbaceous,10,304,993,winter maximum,0.06,0.27,0.06,0.38
AC01f,YES,40.05,-105.6,3650,Total,mass,4.49,0.8,no,medium,15,0,0,0,1,1,1,0,-999,N,N,Wooded grassland,7,304,993,winter maximum,0.14,0.68,0.22,1.31
AC02a,NO,38.15,73.95,~4000,Total,mass,8.7,1,no,-999,-999,0,0,0,0,1,1,0,-999,N,Y,alpine herbaceous,10,401,130,winter maximum,0.13,0.61,0.13,0.78
AC02b,NO,38.15,73.95,~4000,Total,mass,9.74,1,no,-999,-999,0,0,0,0,1,1,0,-999,N,Y,alpine herbaceous,10,401,250,winter maximum,0.11,0.51,0.12,0.6
AC02c,NO,38.15,73.95,~4000,Total,mass,6.3,1,no,-999,-999,0,0,0,0,1,1,0,-999,N,Y,alpine herbaceous,10,401,190,winter maximum,0.07,0.48,0.08,0.58
AC02d,NO,38.15,73.95,~4000,Total,mass,6.82,1,no,-999,-999,0,0,0,0,1,1,0,-999,N,Y,alpine herbaceous,10,401,250,winter maximum,0.08,0.4,0.09,0.44
AC02e,NO,38.15,73.95,~4000,Total,mass,7.08,1,no,-999,-999,0,0,0,0,1,1,0,-999,N,Y,alpine herbaceous,10,401,190,winter maximum,0.13,0.68,0.14,0.99
AC03a,YES,39.17,68.82,3373,Total,mass,-999,0.6,no,-999,-999,0,0,0,0,1,1,0,-999,N,N,alpine herbaceous,10,802,494,winter maximum,0.1,0.47,0.12,0.8
AC03b,YES,39.17,68.82,3373,Total,mass,-999,0.8,no,-999,-999,0,0,0,0,1,1,0,-999,N,N,alpine herbaceous,10,802,494,winter maximum,0.05,0.47,0.05,0.71
AC08,YES,68.37,19.05,351,Total,mass,-999,0.55,yes,organic,55,0,0,0,1,1,1,0,-999,N,N,Wooded grassland,7,339,300,summer maximum,0.06,0.29,0.06,0.34
BF01,YES,60.82,16.5,185,10,mass,0.68,0.68,no,coarse,8,0,1,0,1,0,0,0,evergreen,N,N,ENL forest / boreal,1,494,607,summer maximum,0.09,0.25,0.09,0.26
BF02,YES,72.45,101.95,30-150,5,mass,0.38,0.7,no,medium,14,0,1,0,1,1,0,0,evergreen,N,N,ENL forest / boreal,1,337,243,summer maximum,0.07,0.36,0.07,0.44
BF03a,YES,55.17,-114.13,-999,Total,number,-999,1.3,no,coarse,2.4,0,1,0,1,0,1,0,evergreen,N,N,ENL forest / boreal,1,768,475,summer maximum,0.17,0.86,0.18,1.21
BF03b,YES,55.17,-114.13,-999,Total,number,-999,1.3,no,coarse,5.5,1,0,1,1,0,1,0,winter-deciduous,N,N,DBL forest / boreal,4,768,475,summer maximum,0.2,0.94,0.22,1.41
BF03c,YES,55.17,-114.13,-999,Total,number,-999,1.3,no,coarse,8.3,0,1,0,0,0,0,0,evergreen,N,N,ENL forest / boreal,1,768,475,summer maximum,0.28,1.06,0.33,1.8
BF03d,YES,55.17,-114.13,-999,Total,number,-999,0.5,no,organic,50,0,1,0,1,1,0,0,evergreen,N,N,ENL forest / boreal,1,768,475,summer maximum,0.09,0.37,0.09,0.56
BF03e,YES,55.17,-114.13,-999,Total,number,-999,1,no,fine,8.1,1,1,1,0,1,1,0,evergreen,N,N,ENL forest / boreal,1,768,475,summer maximum,0.13,0.67,0.14,0.95
BF03f,YES,55.17,-114.13,-999,Total,number,-999,0.8,no,fine,12,1,1,1,0,0,1,0,evergreen,N,N,ENL forest / boreal,1,768,475,summer maximum,0.14,0.61,0.16,0.97
BF04a,YES,48.5,-79.33,300,10,mass,1.14,0.35,no,fine,5.3,1,1,1,0,0,1,0,evergreen,N,N,ENL forest / boreal,1,671,823,summer maximum,0.07,0.29,0.09,0.52
BF04b,YES,48.5,-79.33,300,10,mass,0.91,0.38,no,fine,7.5,1,1,1,0,0,1,0,evergreen,N,N,ENL forest / boreal,1,671,823,summer maximum,0.08,0.32,0.11,0.6
BF04c,YES,48.5,-79.33,300,10,mass,1.01,0.38,no,fine,8,1,1,1,0,0,1,0,evergreen,N,N,ENL forest / boreal,1,671,823,summer maximum,0.07,0.3,0.08,0.51
BF05a,YES,49.05,-81.5,-999,5,mass,0.29,0.4,no,organic,10,0,1,0,1,0,0,0,evergreen,N,N,ENL forest / boreal,1,636,838,summer maximum,0.15,0.31,0.16,0.37
BF05b,YES,49.05,-81.5,-999,5,mass,0.59,0.4,no,organic,10,1,1,0,1,0,0,0,evergreen,N,N,ENL forest / boreal,1,636,838,summer maximum,0.15,0.27,0.15,0.29
BF06a,YES,53.92,-105,-999,5,mass,1.02,0.35,yes,medium,5,0,1,1,0,1,1,0,evergreen,N,N,ENL forest / boreal,1,938,405,summer maximum,0.08,0.23,0.08,0.28
BF06b,YES,53.92,-105,-999,5,length,-999,0.35,no,medium,10,1,0,1,0,1,1,0,winter-deciduous,N,N,DBL forest / boreal,4,938,405,summer maximum,0.11,0.31,0.14,0.56
BF06c,YES,53.92,-105,-999,5,length,-999,0.35,yes,medium,25,0,1,1,0,1,1,0,evergreen,N,N,ENL forest / boreal,1,938,405,summer maximum,0.09,0.25,0.1,0.32
BF06d,YES,55.9,-98.5,-999,5,length,-999,0.35,no,fine,5,0,1,1,0,1,1,0,evergreen,N,N,ENL forest / boreal,1,630,536,summer maximum,0.13,0.3,0.15,0.48
BF06e,YES,55.9,-98.5,-999,5,length,-999,0.35,yes,fine,10,1,0,1,0,1,1,0,winter-deciduous,N,N,DBL forest / boreal,4,630,536,summer maximum,0.07,0.2,0.07,0.21
BF06f,YES,55.9,-98.5,-999,5,length,-999,0.35,yes,fine,35,0,1,1,0,1,1,0,evergreen,N,N,ENL forest / boreal,1,630,536,summer maximum,0.06,0.19,0.06,0.2
BF07a,YES,48.45,-58.4,<50,10,mass,1.12,1.04,no,coarse,10,0,1,0,0,0,0,0,evergreen,N,N,ENL forest / boreal,1,500,1200,"non-tropical,",0.16,0.45,0.16,0.47
BF07b,YES,48.45,-58.4,<50,10,mass,0.86,1.04,no,coarse,10,0,1,0,0,0,0,0,evergreen,N,N,ENL forest / boreal,1,500,1200,"non-tropical,",0.13,0.34,0.13,0.34
BF08,YES,53.83,-105.5,500,Total,mass,2.07,0.55,no,coarse,19,1,1,0,0,0,1,0,evergreen,N,N,ENL forest / boreal,1,938,389,summer maximum,0.25,0.34,0.25,0.34
BF10,YES,54.67,-122.23,-999,6.4,mass,0.68,0.93,no,coarse,8.3,0,1,1,1,0,1,0,evergreen,N,N,ENL forest / boreal,1,605,813,"non-tropical,",0.13,0.39,0.13,0.41
BF11a,YES,65.1,-147.03,-999,Total,mass,1.2,0.3,yes,-999,19,0,1,0,0,0,0,0,evergreen,N,N,ENL forest / boreal,1,492,220,summer maximum,0.1,0.16,0.1,0.16
BF11b,YES,65.1,-147.03,-999,Total,mass,5.69,1,no,-999,-999,1,0,0,0,0,0,0,winter-deciduous,N,N,DBL forest / boreal,4,492,220,summer maximum,0.18,0.56,0.19,0.61
BF11c,YES,65.1,-147.03,-999,Total,mass,0.52,0.5,no,-999,-999,1,0,0,0,0,0,0,winter-deciduous,N,N,DBL forest / boreal,4,492,220,summer maximum,0.06,0.34,0.06,0.51
BF12a,NO,56.53,31.83,~250,Total,surface,-999,0.3,no,coarse,-999,1,1,0,1,0,1,0,evergreen,N,Y,ENL forest / boreal,1,606,640,summer maximum,0.04,0.18,0.04,0.22
BF12b,NO,56.53,31.83,~250,Total,surface,-999,0.3,yes,coarse,-999,0,1,0,1,0,0,0,evergreen,N,Y,ENL forest / boreal,1,606,640,summer maximum,0.07,0.2,0.08,0.23
BF13,YES,59.2,38.5,-999,5,mass,0.98,2.4,no,coarse,2,0,1,0,1,1,0,0,evergreen,N,N,ENL forest / boreal,1,566,550,summer maximum,0.06,0.84,0.06,0.91
BF14a,YES,64.3,100.18,-999,1,mass,0.09,0.82,yes,-999,12,0,0,1,1,1,1,0,-999,N,N,Closed shrubland,-999,455,391,summer maximum,0.14,0.28,0.14,0.28
BF14b,YES,64.3,100.18,-999,1,mass,0.15,0.73,no,-999,2.5,0,0,1,1,1,1,0,-999,N,N,Closed shrubland,-999,455,391,summer maximum,0.08,0.22,0.08,0.23
BF15a,YES,61.8,24.32,152,Total,mass,0.69,0.98,no,coarse,5.4,0,1,0,1,0,0,0,evergreen,N,N,ENL forest / boreal,1,512,709,summer maximum,0.05,0.5,0.05,0.7
BF15b,YES,61.8,24.32,152,Total,mass,0.77,0.91,no,coarse,5,0,1,0,1,0,0,0,evergreen,N,N,ENL forest / boreal,1,512,709,summer maximum,0.05,0.58,0.06,0.95
BF15c,YES,61.8,24.32,152,Total,mass,0.9,0.88,no,coarse,4.6,0,1,0,1,0,1,0,evergreen,N,N,ENL forest / boreal,1,512,709,summer maximum,0.06,0.53,0.07,0.81
BF16,YES,64.23,19.77,225,10,mass,0.24,0.57,no,medium,2,0,1,0,1,0,0,0,evergreen,N,N,ENL forest / boreal,1,392,571,summer maximum,0.09,0.45,0.11,0.76
D01,YES,32.42,-111.17,650 m,Total,mass,0.2,0.8,no,medium,0,1,0,0,1,0,0,0,winter-deciduous,N,N,open shrubland,9,1654,290,summer maximum,0.23,0.61,0.24,0.81
D02a,YES,39.23,-108.88,-999,Total,mass,0.25,1.4,no,-999,0,0,0,1,0,1,0,0,-999,N,N,open shrubland,9,1231,230,"non-tropical,",0.52,1.26,0.66,2.25
D02b,YES,39.23,-108.88,-999,Total,mass,0.23,1.1,no,-999,0,0,0,1,0,1,0,0,-999,N,N,open shrubland,9,1231,230,"non-tropical,",0.16,0.75,0.17,1.06
D02c,YES,39.23,-108.88,-999,Total,mass,0.21,1.8,no,-999,0,0,0,1,0,0,0,0,-999,N,N,open shrubland,9,1231,230,"non-tropical,",0.29,1.33,0.32,1.86
D02d,YES,39.23,-108.88,-999,Total,mass,0.17,1.4,no,-999,0,0,0,1,0,0,0,0,-999,N,N,open shrubland,9,1231,230,"non-tropical,",0.36,1.22,0.49,2.26
D02e,YES,39.23,-108.88,-999,Total,mass,0.16,1.2,no,coarse,0,0,0,1,0,1,1,0,-999,N,N,open shrubland,9,1231,230,"non-tropical,",0.24,1,0.3,1.79
D02f,YES,39.23,-108.88,-999,Total,mass,0.13,0.9,no,fine,0,0,0,1,0,0,0,0,-999,N,N,open shrubland,9,1231,230,"non-tropical,",0.17,0.74,0.22,1.31
D02g,YES,39.23,-108.88,-999,Total,mass,0.12,1,no,medium,0,0,0,1,0,1,0,0,-999,N,N,open shrubland,9,1231,230,"non-tropical,",0.35,0.9,0.49,1.67
D02h,YES,39.23,-108.88,-999,Total,mass,0.12,0.7,no,coarse,0,0,0,1,0,0,0,0,-999,N,N,open shrubland,9,1231,230,"non-tropical,",0.21,0.62,0.28,1.13
D02i,YES,39.23,-108.88,-999,Total,mass,0.08,0.6,no,-999,0,0,0,1,0,0,0,0,-999,N,N,open shrubland,9,1231,230,"non-tropical,",0.12,0.47,0.14,0.76
D02j,YES,39.23,-108.88,-999,Total,mass,0.07,1.1,no,coarse,0,0,0,1,0,0,0,0,-999,N,N,open shrubland,9,1231,230,"non-tropical,",0.38,0.99,0.53,1.85
D02k,YES,39.23,-108.88,-999,Total,mass,0.07,0.9,no,-999,0,0,0,1,0,0,1,0,-999,N,N,open shrubland,9,1231,230,"non-tropical,",0.28,0.75,0.31,1.14
D02l,YES,39.23,-108.88,-999,Total,mass,0.06,0.6,no,-999,0,0,0,1,0,0,0,0,-999,N,N,open shrubland,9,1231,230,"non-tropical,",0.15,0.49,0.17,0.79
D03a,YES,41.75,-111.8,1460,Total,number,-999,2.5,yes,medium,0,0,0,1,0,0,0,0,-999,N,N,open shrubland,9,1186,468,"non-tropical,",0.2,0.72,0.2,0.73
D03b,YES,41.75,-111.8,1460,Total,number,-999,2.5,yes,medium,0,0,0,0,0,1,0,0,-999,N,N,Grassland,10,1186,468,"non-tropical,",0.34,1.96,0.36,2.3
D04,YES,-45.42,-70.33,1350,Total,number,-999,0.5,no,medium,0,0,0,1,0,0,0,0,-999,N,N,open shrubland,9,903,142,winter maximum,0.24,0.47,0.39,0.91
D05,YES,33.63,-116.4,850,Total,length,-999,0.16,no,medium,0,0,0,0,0,0,0,1,-999,N,N,open shrubland,9,1585,150,winter maximum,0.09,0.14,0.09,0.19
D06,YES,32.5,-106.8,-999,Fine,mass,0.47,0.7,no,coarse,0,0,0,1,1,0,0,1,-999,N,N,open shrubland,9,1631,215,summer maximum,0.25,0.64,0.38,1.22
D07,YES,33.63,-116.4,850,Total,length,-999,0.3,no,medium,0,0,0,0,0,0,0,1,-999,N,N,open shrubland,9,1585,150,winter maximum,0.09,0.2,0.09,0.21
D08a,NO,32.5,-106.75,-999,Total,mass,-999,13,no,-999,0,0,0,1,0,0,0,0,-999,N,Y,open shrubland,9,1631,211,summer maximum,1.36,9.82,1.36,9.82
D08b,NO,32.5,-106.75,-999,Total,mass,-999,7,yes,-999,0,0,0,1,0,0,0,0,-999,N,Y,open shrubland,9,1631,211,summer maximum,0.38,4.26,0.4,4.85
D08c,YES,32.5,-106.75,-999,Total,mass,-999,6,yes,coarse,0,0,0,1,0,0,0,0,-999,N,N,open shrubland,9,1631,211,summer maximum,0.51,4.26,0.51,4.26
D08d,YES,32.5,-106.75,-999,Total,mass,-999,4,yes,-999,0,0,0,1,0,1,0,0,-999,N,N,open shrubland,9,1631,211,summer maximum,0.46,3.03,0.46,3.03
D08e,YES,32.5,-106.75,-999,Total,mass,-999,4,no,-999,0,0,0,1,0,0,0,0,-999,N,N,open shrubland,9,1631,211,summer maximum,0.43,2.2,0.43,2.2
D09,YES,41.33,-106.8,2225,Total,mass,0.9,1.22,no,coarse,0,0,0,1,0,1,0,0,-999,N,N,open shrubland,9,1160,500,"non-tropical,",0.21,0.82,0.22,1.08
D10,YES,26,-103,1100,Total,number,-999,0.75,no,fine,0,0,0,1,0,1,0,1,-999,N,N,open shrubland,9,1526,264,"tropical, seas",0.16,0.52,0.17,0.65
D11,YES,36.8,-107.6,1900,Total,mass,-999,1,no,medium,0,0,0,1,0,1,0,0,-999,N,N,open shrubland,9,1299,200,summer maximum,0.45,0.66,0.45,0.67
D12a,YES,-45.45,-69.83,700,Total,mass,0.33,3,no,coarse,0,0,0,1,1,1,0,0,-999,N,N,open shrubland,9,903,160,winter maximum,0.07,0.36,0.07,0.36
D12b,YES,-45.4,-70.3,540,Total,mass,0.77,3,no,fine,0,0,0,0,1,1,0,0,-999,N,N,open shrubland,9,903,125,winter maximum,0.19,1.84,0.19,1.84
D13,YES,38.48,57.72,90,Total,mass,-999,4,no,coarse,0,0,0,1,1,0,0,0,-999,N,N,open shrubland,9,1315,148,winter maximum,0.3,2.09,0.3,2.09
D14,YES,37.2,-118.37,~1300,Total,mass,-999,1.03,no,medium,0,0,0,1,1,0,0,0,-999,N,N,open shrubland,9,1406,144,winter maximum,0.18,0.83,0.22,1.46
D15a,YES,38.15,73.93,3864,Total,mass,0.07,0.5,no,medium,0,0,0,0,1,1,0,0,-999,N,N,open shrubland,9,401,120,winter maximum,0.21,0.45,0.26,0.8
D15b,YES,38.15,73.93,-999,Total,mass,0.11,0.5,no,medium,0,0,0,0,1,0,0,0,-999,N,N,open shrubland,9,401,120,winter maximum,0.16,0.45,0.26,0.88
D15c,YES,38.15,73.93,3864,Total,mass,0.25,0.4,no,medium,0,0,0,0,1,1,0,0,-999,N,N,open shrubland,9,401,120,winter maximum,0.15,0.37,0.23,0.7
D15d,YES,38.15,73.93,3864,Total,mass,0.21,0.4,no,medium,0,0,0,0,1,1,0,0,-999,N,N,open shrubland,9,401,120,winter maximum,0.05,0.34,0.09,0.65
D15e,YES,38.15,73.93,3864,Total,mass,0.1,0.5,no,medium,0,0,0,0,1,1,0,0,-999,N,N,open shrubland,9,401,120,winter maximum,0.05,0.34,0.06,0.52
D16,YES,36.67,-116.12,-999,Total,mass,-999,0.6,no,coarse,0,0,0,1,1,0,0,0,-999,N,N,open shrubland,9,1413,100,winter maximum,0.13,0.44,0.14,0.62
D17,YES,26.67,-103.67,1100,Total,number,-999,0.7,no,fine,0,0,0,1,0,1,0,0,-999,N,N,open shrubland,9,1507,264,summer maximum,0.18,0.6,0.22,1.05
D18a,YES,47.82,66.32,-999,Total,mass,1.89,0.9,no,-999,0,0,0,0,1,1,0,0,-999,N,N,open shrubland,-999,1054,200,"non-tropical,",0.13,0.65,0.15,0.99
D18b,YES,47.82,66.32,-999,Total,mass,2.82,0.9,no,-999,0,0,0,0,1,0,0,0,-999,N,N,open shrubland,-999,1054,200,"non-tropical,",0.2,0.78,0.3,1.49
D18c,YES,47.82,66.32,-999,Total,mass,3.62,0.9,no,-999,0,0,0,0,1,0,0,0,-999,N,N,open shrubland,-999,1054,200,"non-tropical,",0.15,0.72,0.19,1.25
D18d,YES,47.82,66.32,-999,Total,mass,2.6,0.9,no,-999,0,0,0,0,1,0,0,0,-999,N,N,open shrubland,-999,1054,200,"non-tropical,",0.14,0.63,0.15,0.91
D19,YES,41.08,-113.08,500,Total,length,-999,1.2,no,coarse,0,0,0,1,0,0,0,0,-999,N,N,open shrubland,9,1175,230,"non-tropical,",0.36,0.88,0.37,1.05
D20,YES,38.58,63.18,185,Total,mass,0.61,6,no,coarse,0,0,0,1,0,1,0,0,-999,N,N,open shrubland,9,1269,114,winter maximum,0.78,3.02,0.78,3.02
D22,YES,37.57,68.42,300-500,Total,mass,-999,0.6,no,-999,0,0,0,0,0,1,1,0,-999,N,N,Grassland,10,996,158,winter maximum,0.04,0.17,0.04,0.18
D23,YES,33.63,-116.4,850,Total,length,-999,0.3,no,medium,0,0,0,0,0,0,0,1,-999,N,N,open shrubland,9,1585,150,winter maximum,0.09,0.23,0.09,0.3
D24,YES,37.3,-113.95,1280,Total,mass,2.57,0.4,no,medium,0,0,0,0,1,1,1,0,-999,N,N,open shrubland,9,1387,274,"non-tropical,",0.08,0.34,0.11,0.64
D26,YES,47.08,61.15,78,Total,mass,2.75,2,no,-999,0,0,0,0,1,0,1,0,-999,N,N,open shrubland,9,990,120,"non-tropical,",0.22,0.8,0.22,0.83
D27,YES,42.97,120.73,350,Total,mass,-999,0.95,no,coarse,0,0,0,0,1,1,0,0,-999,N,N,open shrubland,-999,793,360,summer maximum,0.23,0.8,0.28,1.38
D28a,YES,46.53,-119.52,380,Total,mass,1.15,0.8,no,medium,0,0,0,1,1,1,1,0,-999,N,N,open shrubland,9,840,160,winter maximum,0.26,0.72,0.39,1.38
D28b,YES,46.53,-119.52,-999,Total,mass,0.74,0.8,no,medium,0,0,0,0,0,1,1,0,-999,N,N,Grassland,10,840,160,winter maximum,0.06,0.36,0.06,0.43
D29,YES,30.85,34.75,-999,Total,mass,-999,0.6,no,-999,0,0,0,1,1,1,0,0,-999,N,N,open shrubland,9,1600,100,winter maximum,0.11,0.46,0.12,0.73
D30,YES,38.7,103.17,-999,5,mass,-999,2,no,coarse,0,1,0,0,0,0,0,0,evergreen,N,N,open shrubland,9,2652,125,summer maximum,0.41,0.77,0.41,0.77
D31,YES,41.18,68.33,-999,Total,mass,1.52,0.75,no,medium,0,0,0,0,0,1,1,0,-999,N,N,Grassland,10,1179,230,winter maximum,0.01,0.13,0.01,0.14
D32a,YES,37.42,118.35,-999,Total,length,-999,1.8,no,medium,0,0,0,1,0,1,0,0,-999,N,N,open shrubland,9,1406,144,winter maximum,0.45,1.54,0.55,2.4
D32b,YES,37.17,118.28,-999,Total,length,-999,2.7,no,coarse,0,0,0,1,0,0,0,0,-999,N,N,open shrubland,9,1406,144,winter maximum,0.56,2.2,0.58,2.4
D33a,NO,46.53,-119.52,-999,Total,mass,0.66,1.6,no,medium,0,0,0,0,0,1,0,0,-999,Y,N,Grassland,10,840,160,winter maximum,0.01,0.93,0.02,1.6
D33b,NO,46.53,-119.52,-999,Total,mass,0.97,1.6,no,medium,0,0,0,1,0,1,0,0,-999,N,N,open shrubland,10,840,160,winter maximum,0.34,1.32,0.41,2.2
D34,NO,31.7,-110.05,-999,Total,mass,3.13,0.91,yes,-999,0,0,0,1,0,0,0,0,-999,N,N,open shrubland,10,1654,343,summer maximum,0.07,0.37,0.07,0.39
D35a,NO,41.45,-107.1,-999,Total,mass,0.22,2.44,yes,medium,0,0,0,1,0,0,0,0,-999,N,N,open shrubland,9,542,530,winter maximum,0.22,0.95,0.22,0.98
D35b,NO,41.45,-107.1,-999,Total,mass,0.26,2.44,yes,medium,0,0,0,1,0,0,0,0,-999,N,N,open shrubland,9,542,530,winter maximum,0.23,0.8,0.23,0.81
D35c,NO,41.45,-107.1,-999,Total,mass,0.45,2.44,yes,medium,0,0,0,1,0,0,0,0,-999,N,N,open shrubland,9,542,530,winter maximum,0.26,0.93,0.26,0.94
D36,NO,46.53,-119.52,-999,Total,mass,0.08,2.5,no,-999,0,0,0,1,0,0,1,0,-999,N,N,open shrubland,9,840,160,winter maximum,0.42,1.27,0.42,1.3
D37,NO,18.33,-97.47,-999,Total,mass,0.97,1,no,medium,0,0,0,1,0,0,1,1,-999,N,N,open shrubland,9,1385,400,"tropical, seas",0.15,0.61,0.15,0.75
HE01,YES,50.72,-2.82,15,Total,mass,1.39,1.18,yes,coarse,-999,0,0,0,1,1,0,0,-999,N,N,Closed shrubland,8,627,800,"non-tropical,",0.05,0.21,0.05,0.22
HE02,YES,48.45,-58.4,<50,10,mass,0.69,0.4,no,coarse,30,0,0,0,1,0,0,0,-999,N,N,Closed shrubland,8,500,1200,"non-tropical,",0.1,0.31,0.11,0.43
HE03a,YES,-39,146.28,-999,Total,mass,3.57,1.52,no,coarse,0,0,0,0,1,0,1,0,-999,N,N,Closed shrubland,8,1412,1090,winter maximum,0.16,1.1,0.19,1.8
HE03b,YES,-38.87,146.38,-999,Total,mass,1.39,0.61,no,coarse,0,0,0,0,1,0,1,0,-999,N,N,Closed shrubland,8,1412,1090,winter maximum,0.09,0.42,0.09,0.62
HE04,YES,52.03,5.83,-999,Total,mass,1.79,1,yes,coarse,30,0,0,0,1,1,0,0,-999,N,N,Closed shrubland,8,746,800,"non-tropical,",0.07,0.6,0.08,0.88
HW01a,NO,51.1,3.67,-999,Total,mass,1.56,1,no,fine,10,0,0,0,0,1,0,0,-999,Y,Y,Pasture,10,604,790,"non-tropical,",0.04,0.3,0.04,0.33
HW01b,NO,51.1,3.67,-999,Total,mass,1.2,0.2,no,fine,10,0,0,0,0,1,0,0,-999,Y,Y,Pasture,10,604,790,"non-tropical,",0.03,0.17,0.06,0.34
HW02,NO,60.98,24.67,-999,Total,mass,2.15,2.3,no,organic,230,0,0,0,0,1,1,0,-999,N,Y,Grassland,10,535,619,summer maximum,0.1,0.32,0.1,0.32
HW03,NO,61.12,14.67,-999,Total,mass,4.9,0.42,no,organic,42,0,0,0,0,1,1,0,-999,N,Y,Grassland,10,502,688,summer maximum,0.17,0.37,0.19,0.6
HW04a,NO,64.02,64.1,-999,Total,mass,6.7,0.6,yes,organic,60,0,0,0,0,1,1,0,-999,N,Y,Grassland,10,531,487,summer maximum,0.1,0.41,0.1,0.57
HW04b,NO,64.02,64.1,-999,Total,mass,0.98,0.6,yes,organic,60,0,0,0,0,1,1,0,-999,N,Y,Grassland,10,531,487,summer maximum,0.09,0.33,0.09,0.37
HW04c,NO,64.02,64.1,-999,Total,mass,1.83,0.6,yes,organic,60,0,0,0,0,1,1,0,-999,N,Y,Grassland,10,531,487,summer maximum,0.19,0.51,0.21,0.79
HW04d,NO,64.02,64.1,-999,Total,mass,1.56,0.6,yes,organic,60,0,0,0,0,1,1,0,-999,N,Y,Grassland,10,531,487,summer maximum,0.06,0.22,0.06,0.24
HW04e,NO,64.02,64.1,-999,Total,mass,4.01,0.6,yes,organic,60,0,0,0,0,1,1,0,-999,N,Y,Grassland,10,531,487,summer maximum,0.07,0.14,0.07,0.14
HW05a,NO,42.5,-76.42,-999,Total,mass,0.59,0.2,no,-999,-999,0,0,0,0,1,0,0,-999,N,Y,Grassland,10,765,900,summer maximum,0.06,0.18,0.09,0.33
HW05b,NO,42.5,-76.42,-999,Total,mass,0.26,0.2,no,-999,-999,0,0,0,0,1,0,0,-999,N,Y,Grassland,10,765,900,summer maximum,0.09,0.18,0.11,0.3
HW05c,NO,42.5,-76.42,-999,Total,mass,0.5,0.2,no,-999,-999,0,0,0,0,1,0,0,-999,N,Y,Grassland,10,765,900,summer maximum,0.02,0.06,0.02,0.06
HW06a,NO,61.6,30.68,-999,Total,mass,1.36,1.2,yes,coarse,20,0,0,0,0,1,1,0,-999,N,Y,Grassland,10,530,570,summer maximum,0.03,0.29,0.03,0.32
HW06b,NO,61.6,30.68,-999,Total,mass,1.43,1.2,yes,coarse,17,0,0,0,0,1,1,0,-999,N,Y,Grassland,10,530,570,summer maximum,0.04,0.35,0.04,0.39
HW06c,NO,61.6,30.68,-999,Total,mass,1.76,1.2,yes,coarse,15,0,0,0,0,1,1,0,-999,N,Y,Grassland,10,530,570,summer maximum,0.05,0.23,0.05,0.23
HW07a,NO,49.67,16,~650,Total,mass,0.67,0.3,no,-999,-999,0,0,0,0,1,0,0,-999,N,Y,Grassland,10,724,775,summer maximum,0.1,0.27,0.17,0.54
HW07b,NO,49.67,16,~650,Total,mass,0.9,0.3,no,-999,-999,0,0,0,0,1,0,0,-999,N,Y,Grassland,10,724,775,summer maximum,0.03,0.16,0.03,0.21
HW07c,NO,49.67,16,~650,Total,mass,1.41,0.3,no,-999,-999,0,0,0,0,1,0,0,-999,N,Y,Grassland,10,724,775,summer maximum,0.05,0.16,0.05,0.18
HW07d,NO,49.67,16,~650,Total,mass,1.54,0.3,no,-999,-999,0,0,0,0,1,1,0,-999,N,Y,Grassland,10,724,775,summer maximum,0.04,0.15,0.04,0.17
JCG,NO,40.8,-104.8,-999,Total,mass,12.21,4.27,no,medium,0,0,0,0,0,1,0,0,-999,N,N,Grassland,10,1250,332,summer maximum,0.05,0.56,0.05,0.56
JCS,NO,40.8,-104.8,-999,Total,mass,1.46,4.27,no,medium,0,0,0,1,0,0,0,0,-999,N,N,open shrubland,7,1250,332,summer maximum,0.7,4.04,0.66,2.94
JEG,NO,31.8,-95.6,-999,Total,mass,9.07,6.1,no,medium,0,0,0,0,0,1,0,0,-999,N,N,Grassland,10,1340,1100,"non-tropical,",0.13,0.64,0.13,0.64
JES,NO,31.8,-95.6,-999,Total,mass,4.35,6.1,no,medium,0,0,0,1,0,0,0,0,-999,N,N,open shrubland,7,1340,1100,"non-tropical,",0.17,2.48,0.17,2.62
JJG,NO,32.5,-106.8,-999,Total,mass,1.74,10.06,yes,medium,0,0,0,0,0,1,0,0,-999,N,N,Grassland,10,1420,264,summer maximum,0.1,1.13,0.1,1.13
JJS,NO,32.5,-106.8,-999,Total,mass,4.74,10.06,yes,medium,0,0,0,1,0,0,0,0,-999,N,N,open shrubland,9,1420,264,summer maximum,0.02,5.41,0.02,5.41
JRG,NO,31.5,-96.9,-999,Total,mass,5.32,10.06,no,fine,0,0,0,0,0,1,0,0,-999,N,N,Grassland,10,1360,920,"non-tropical,",0.18,0.93,0.18,0.93
JRS,NO,31.5,-96.9,-999,Total,mass,5.65,10.06,yes,fine,0,0,0,1,0,0,0,0,-999,N,N,open shrubland,7,1360,920,"non-tropical,",0.03,2.81,0.03,2.81
JSG,NO,34.1,-106.9,-999,Total,mass,1.65,9.14,yes,medium,0,0,0,0,0,1,0,0,-999,N,N,Grassland,10,1600,242,summer maximum,0.2,0.69,0.2,0.69
JSS,NO,34.1,-106.9,-999,Total,mass,0.41,9.14,yes,medium,0,0,0,1,0,0,0,0,-999,N,N,open shrubland,9,1600,242,summer maximum,0.42,2,0.42,1.99
JVG,NO,34.2,-99.3,-999,Total,mass,1.83,10.06,no,fine,0,0,0,0,0,1,0,0,-999,N,N,Grassland,10,1450,653,summer maximum,0.1,0.61,0.1,0.61
JVS,NO,34.2,-99.3,-999,Total,mass,0.97,10.06,no,fine,0,0,0,1,0,0,0,0,-999,N,N,open shrubland,7,1450,653,summer maximum,0.67,5.75,0.67,5.99
RC07,YES,10.3,-84.8,1550,Total,mass,4.01,1.8,no,medium,15,1,0,0,0,0,1,0,evergreen,N,N,EBL forest / tropica,2,717,2000,"tropical, seas",0.18,0.33,0.18,0.33
RC21a,YES,9.08,-78.03,275,Total,number,-999,0.46,no,fine,0,1,0,1,0,0,1,0,evergreen,N,N,EBL forest / tropica,2,576,2500,"tropical, seas",0.02,0.32,0.03,0.58
RC21b,YES,9.2,-79.38,840,Total,number,-999,0.58,no,fine,10,1,0,1,0,0,1,0,evergreen,N,N,EBL forest / tropica,2,672,4000,"tropical, seas",0.05,0.28,0.05,0.33
RC21c,YES,9.2,-79.38,1050,Total,number,-999,0.33,no,fine,5,1,0,1,0,0,1,0,evergreen,N,N,EBL forest / tropica,2,672,4000,"tropical, seas",0.02,0.25,0.03,0.46
RC21d,YES,18.3,-66.78,960,Total,number,-999,0.43,no,fine,0,1,0,1,0,0,1,0,evergreen,N,N,EBL forest / tropica,2,783,4000,"non-tropical,",0.05,0.32,0.06,0.53
RC21e,YES,18.15,-66.97,890,Total,number,-999,0.52,no,-999,0,1,0,1,0,0,1,0,evergreen,N,N,EBL forest / tropica,2,717,2520,"tropical, seas",0.08,0.4,0.09,0.68
RC21f,YES,10.73,-61.37,500,Total,number,-999,0.39,no,fine,0,1,0,1,0,0,1,0,evergreen,N,N,EBL forest / tropica,2,788,2400,"tropical, seas",0.03,0.18,0.03,0.22
RC21g,YES,18.27,-66.75,1034,Total,number,-999,0.62,no,fine,10,1,0,1,0,0,1,0,evergreen,N,N,EBL forest / tropica,2,783,4000,"non-tropical,",0.05,0.37,0.05,0.53
RD01,YES,21.73,100.67,650,Total,mass,1.14,1.5,no,-999,-999,1,0,0,0,0,0,0,drought-deciduous,N,N,DBL forest / tropica,4,1107,1561,"tropical, seas",0.16,0.85,0.16,1.09
RD02,YES,19.5,-105.08,-999,Total,mass,2.79,0.8,no,medium,0,1,0,1,0,0,1,0,drought-deciduous,N,N,DBL forest / tropica,4,1827,707,"tropical, seas",0.16,0.5,0.16,0.58
RD03a,YES,6.15,-0.92,167,Total,mass,0.86,0.5,no,fine,0,1,0,1,0,0,1,0,drought-deciduous,N,N,DBL forest / tropica,4,1388,1650,"tropical, seas",0.01,0.35,0.02,0.68
RD03b,YES,6.15,-0.92,167,Total,mass,2.14,0.5,no,fine,0,1,0,1,0,0,1,0,drought-deciduous,N,N,DBL forest / tropica,4,1388,1650,"tropical, seas",0.05,0.2,0.05,0.22
RD03c,YES,6.15,-0.92,167,Total,mass,0.82,0.5,no,fine,0,1,0,1,0,0,1,0,drought-deciduous,N,N,DBL forest / tropica,4,1388,1650,"tropical, seas",0.12,0.44,0.2,0.86
RD04,YES,17.97,-66.88,175,Total,mass,4.37,1,no,fine,0,1,0,1,0,0,1,0,drought-deciduous,N,N,DBL forest / tropica,4,1533,860,"non-tropical,",0.08,0.54,0.08,0.72
RD06,YES,9.12,-80.15,60,Total,mass,0.94,0.25,no,fine,0,1,0,1,0,0,1,0,drought-deciduous,N,N,DBL forest / tropica,4,1146,2567,"tropical, seas",0.09,0.23,0.13,0.43
RD07,YES,6.15,-0.92,167,Total,mass,2.5,1.52,no,fine,0,1,0,1,0,0,1,0,drought-deciduous,N,N,DBL forest / tropica,4,1388,1650,"tropical, seas",0.07,0.69,0.08,0.88
RD08a,YES,6.33,-0.75,-999,Total,mass,1.71,0.5,no,coarse,0,1,0,0,0,0,0,0,drought-deciduous,N,N,DBL forest / tropica,4,1388,1231,"tropical, seas",0.09,0.31,0.1,0.37
RD08b,YES,6.15,-0.92,167,Total,mass,0.9,0.5,no,coarse,0,1,0,0,0,0,0,0,drought-deciduous,N,N,DBL forest / tropica,4,1388,1650,"tropical, seas",0.1,0.43,0.16,0.84
RD09a,YES,19.5,-96.5,<10,2,mass,0.96,2,no,coarse,0,1,0,0,0,0,0,0,drought-deciduous,N,N,DBL forest / tropica,4,1438,1300,"tropical, seas",0.51,1.64,0.56,2.2
RD09b,YES,19.5,-96.5,-999,2,mass,0.66,1.4,no,coarse,0,1,0,0,0,0,0,0,drought-deciduous,N,N,DBL forest / tropica,4,1438,1300,"tropical, seas",0.16,1.08,0.2,1.93
RD10a,YES,6.28,-5.22,200,1,mass,0.13,0.6,no,fine,-999,1,0,0,0,0,1,0,drought-deciduous,N,N,DBL forest / tropica,4,1497,1285,"tropical, seas",0.07,0.4,0.08,0.59
RD10b,YES,6.28,-5.22,200,1,mass,0.06,0.6,no,fine,-999,0,0,0,0,0,1,0,-999,Y,N,Pasture,10,1497,1285,"tropical, seas",0.07,0.3,0.07,0.34
RG41,YES,0.1,34.57,1430,Total,length,-999,3.95,no,fine,0,1,0,0,0,0,0,0,evergreen,N,N,Savanna,7,1339,1800,"non-tropical,",0.35,2.77,0.35,2.77
RD12,YES,24.87,83.05,-999,8,mass,0.54,0.4,no,medium,-999,1,0,0,0,1,1,0,drought-deciduous,N,N,DBL forest / tropica,4,1306,992,"tropical, seas",0.18,0.37,0.23,0.65
RD13,NO,30.34,78.03,-999,2,mass,0.04,1.2,no,fine,-999,1,0,0,0,0,0,0,evergreen,Y,N,EBL plantation / tro,2,1222,1700,"tropical, seas",0.44,1.08,0.58,1.98
RE01a,YES,9.88,-83.67,650 m,Total,mass,0.22,0.85,no,fine,0,1,0,1,0,0,1,0,evergreen,N,N,EBL forest / tropica,2,1313,2700,"non-tropical,",0.13,0.59,0.14,0.85
RE01b,YES,9.88,-83.67,60 m,Total,mass,1.29,0.85,no,fine,0,1,0,1,0,0,1,0,evergreen,N,N,EBL forest / tropica,2,1313,2700,"non-tropical,",0.11,0.55,0.12,0.76
RE01c,YES,9.88,-83.67,1200 m,Total,mass,1.56,0.85,no,fine,0,1,0,1,0,0,1,0,evergreen,N,N,EBL forest / tropica,2,1313,2700,"non-tropical,",0.14,0.66,0.16,1.11
RE02a,YES,10.43,-83.98,650 m,Total,mass,0.36,0.5,no,fine,-999,1,0,1,0,0,1,0,evergreen,N,N,EBL forest / tropica,2,1313,3800,"non-tropical,",0.09,0.4,0.11,0.69
RE02b,YES,10.43,-83.98,119 m,Total,mass,0.66,0.5,no,fine,-999,1,0,1,0,0,1,0,evergreen,N,N,EBL forest / tropica,2,1313,3800,"non-tropical,",0.1,0.39,0.11,0.64
RE03a,YES,5.4,-4.05,-999,Total,mass,0.22,2.5,no,coarse,0,1,0,1,0,0,1,0,evergreen,N,N,EBL forest / tropica,2,1265,2100,"tropical, seas",0.24,1.41,0.24,1.54
RE03b,YES,5.4,-4.05,-999,Total,mass,0.23,2.5,no,coarse,0,1,0,1,0,0,1,0,evergreen,N,N,EBL forest / tropica,2,1265,2100,"tropical, seas",0.11,0.67,0.11,0.69
RE03c,YES,5.8,-4.13,-999,Total,mass,0.22,1.3,no,fine,0,1,0,1,0,0,1,0,evergreen,N,N,EBL forest / tropica,2,1293,1800,"tropical, seas",0.12,0.57,0.12,0.64
RE04a,YES,-2.77,-59.82,-999,Total,mass,3.97,1.3,no,medium,6,1,0,0,0,0,0,0,evergreen,N,N,EBL forest / tropica,2,1089,2070,"tropical, seas",0.22,1.03,0.27,1.77
RE04b,YES,-2.77,-59.82,-999,Total,mass,2.81,0.89,no,coarse,11.5,1,0,0,0,0,0,0,evergreen,N,N,EBL forest / tropica,2,1089,2070,"tropical, seas",0.09,0.13,0.09,0.13
RE04c,YES,-2.77,-59.82,-999,Total,mass,3.1,0.9,no,coarse,12,1,0,0,0,0,0,0,evergreen,N,N,EBL forest / tropica,2,1089,2070,"tropical, seas",0.16,0.3,0.16,0.3
RE04d,YES,-2.77,-59.82,-999,Total,mass,2.81,0.89,no,coarse,10.5,1,0,0,0,0,0,0,evergreen,N,N,EBL forest / tropica,2,1089,2070,"tropical, seas",0.07,0.17,0.07,0.17
RE06,YES,-2.98,-47.52,-999,1,mass,0.47,6.72,no,fine,0,1,0,1,0,0,1,0,evergreen,N,N,EBL forest / tropica,2,1313,1750,"tropical, seas",0.5,4.68,0.5,4.68
RE08,YES,3.33,-61.33,-999,50,mass,4.24,1,no,medium,0,1,0,0,0,0,1,0,evergreen,N,N,EBL forest / tropica,2,1257,2300,"tropical, seas",0.33,0.87,0.39,1.48
RE09,YES,8.72,-82.23,-999,50,mass,0.91,0.25,no,medium,5,1,0,1,0,0,1,0,evergreen,N,N,EBL forest / tropica,2,1169,3900,"tropical, seas",0.08,0.21,0.09,0.34
RE10a,YES,9.9,-83.67,-999,5,surface,-999,0.85,no,fine,0,1,0,1,0,0,1,0,evergreen,N,N,EBL forest / tropica,2,1313,2700,"non-tropical,",0.1,0.66,0.13,1.19
RE10b,YES,9.9,-83.67,-999,5,surface,-999,0.85,no,fine,0,1,0,1,0,0,1,0,evergreen,N,N,EBL forest / tropica,2,1313,2700,"non-tropical,",0.06,0.66,0.09,1.23
RE10c,YES,9.9,-83.67,-999,5,surface,-999,0.85,no,fine,0,1,0,1,0,0,1,0,evergreen,N,N,EBL forest / tropica,2,1313,2700,"non-tropical,",0.12,0.68,0.16,1.23
RE10d,YES,9.9,-83.67,-999,5,surface,-999,0.85,no,fine,0,1,0,1,0,0,1,0,evergreen,N,N,EBL forest / tropica,2,1313,2700,"non-tropical,",0.07,0.67,0.11,1.3
RE11,YES,0.75,24.43,-999,Total,mass,2.26,1.52,no,fine,0,1,0,0,0,0,1,0,evergreen,N,N,EBL forest / tropica,2,1238,1758,"non-tropical,",0.16,0.87,0.17,1.11
RE12a,YES,1.93,-67.05,-999,Total,mass,6.09,0.76,no,medium,25.8,1,0,1,0,0,1,0,evergreen,N,N,EBL forest / tropica,2,949,3500,"non-tropical,",0.26,0.35,0.26,0.35
RE12b,YES,1.93,-67.05,-999,Total,mass,10.71,0.7,no,coarse,19.6,1,0,1,0,0,1,0,evergreen,N,N,EBL forest / tropica,2,949,3500,"non-tropical,",0.19,0.3,0.19,0.3
RE12c,YES,1.93,-67.05,-999,Total,mass,6.02,0.75,no,coarse,24.6,1,0,1,0,0,1,0,evergreen,N,N,EBL forest / tropica,2,949,3500,"non-tropical,",0.26,0.39,0.26,0.39
RE12d,YES,1.93,-67.05,-999,Total,mass,8.87,0.68,no,coarse,17.5,1,0,1,0,0,1,0,evergreen,N,N,EBL forest / tropica,2,949,3500,"non-tropical,",0.16,0.36,0.16,0.37
RE12e,YES,1.93,-67.05,-999,Total,mass,5.48,0.65,no,coarse,14.5,1,0,1,0,0,1,0,evergreen,N,N,EBL forest / tropica,2,949,3500,"non-tropical,",0.21,0.45,0.21,0.5
RE16,YES,-2.58,-60.03,-999,Total,mass,1.75,5,no,fine,2,1,0,1,0,0,1,0,evergreen,N,N,EBL forest / tropica,2,1075,2100,"non-tropical,",0.11,2.06,0.11,2.06
RE17,YES,-2.98,-47.52,-999,Total,mass,0.45,4.05,no,fine,0,1,0,1,0,0,1,0,evergreen,N,N,EBL forest / tropica,2,1313,1750,"tropical, seas",0.38,2.96,0.38,2.96
RE18a,YES,4.62,114.75,16-Nov,Total,mass,2.05,1,no,coarse,12,1,0,1,0,0,1,0,evergreen,N,N,EBL forest / tropica,2,1534,3000,"non-tropical,",0.06,0.17,0.06,0.17
RE18b,YES,4.65,114.52,37-59,Total,mass,1.93,1,no,coarse,7.5,1,0,1,0,0,1,0,evergreen,N,N,EBL forest / tropica,2,1534,3000,"non-tropical,",0.11,0.62,0.12,0.86
RE19a,YES,9.15,-79.85,60,Total,number,-999,0.74,no,fine,0,1,0,1,0,0,1,0,evergreen,N,N,EBL forest / tropica,2,1121,2564,"tropical, seas",0.11,0.57,0.13,0.97
RE19b,YES,9,-79.58,60,Total,number,-999,0.5,no,fine,0,1,0,1,0,0,1,0,evergreen,N,N,EBL forest / tropica,2,1146,1830,"tropical, seas",0.07,0.32,0.07,0.42
RE19c,YES,8.65,-78.13,20,Total,number,-999,0.64,no,fine,0,1,0,1,0,0,1,0,evergreen,N,N,EBL forest / tropica,2,1159,2160,"tropical, seas",0.13,0.54,0.19,1.03
RE19d,YES,8.65,-78.13,60,Total,number,-999,0.63,no,fine,0,1,0,1,0,0,1,0,evergreen,N,N,EBL forest / tropica,2,1159,2160,"tropical, seas",0.12,0.51,0.14,0.87
RE19e,YES,8.32,-82.07,30,Total,number,-999,0.47,no,fine,0,1,0,1,0,0,1,0,evergreen,N,N,EBL forest / tropica,2,1238,2500,"tropical, seas",0.09,0.38,0.11,0.68
RE19f,YES,9.2,-79.38,600,Total,number,-999,0.68,no,fine,0,1,0,1,0,0,1,0,evergreen,N,N,EBL forest / tropica,2,1121,4000,"tropical, seas",0.09,0.55,0.13,1.04
RE19g,YES,-1.43,-48.48,8,Total,number,-999,0.43,no,fine,0,1,0,1,0,0,1,0,evergreen,N,N,EBL forest / tropica,2,1304,2830,"tropical, seas",0.1,0.36,0.13,0.66
RE19h,YES,-2.58,-60.03,50,Total,number,-999,0.5,no,coarse,5,1,0,1,0,0,1,0,evergreen,N,N,EBL forest / tropica,2,1075,2100,"non-tropical,",0.05,0.39,0.07,0.72
RE19i,YES,-2.58,-60.03,50,Total,number,-999,0.56,no,coarse,7,1,0,1,0,0,1,0,evergreen,N,N,EBL forest / tropica,2,1075,2100,"non-tropical,",0.08,0.45,0.11,0.83
RE19j,YES,-999,-999,90,Total,number,-999,0.49,no,fine,0,1,0,1,0,0,1,0,evergreen,N,N,EBL forest / tropica,2,-999,-999,-999,0.11,0.4,0.13,0.68
RE19k,YES,18.35,-65.82,150,Total,number,-999,1.69,no,fine,0,1,0,1,0,0,1,0,evergreen,N,N,EBL forest / tropica,2,1566,3000,"non-tropical,",0.14,1.25,0.17,2.03
RE19l,YES,18.35,-65.82,250,Total,number,-999,1.24,yes,fine,0,1,0,1,0,0,1,0,evergreen,N,N,EBL forest / tropica,2,1566,3000,"non-tropical,",0.11,0.72,0.11,0.98
RE19m,YES,18.32,-65.82,375-459,Total,number,-999,0.72,no,fine,0,1,0,1,0,0,1,0,evergreen,N,N,EBL forest / tropica,2,1566,4000,"non-tropical,",0.09,0.54,0.11,0.89
RE19n,YES,18.32,-65.82,375-459,Total,number,-999,0.92,no,fine,0,1,0,1,0,0,1,0,evergreen,N,N,EBL forest / tropica,2,1566,4000,"non-tropical,",0.11,0.62,0.12,0.93
RE19o,YES,18.32,-65.82,375-459,Total,number,-999,0.99,no,fine,3,1,0,1,0,0,1,0,evergreen,N,N,EBL forest / tropica,2,1566,4000,"non-tropical,",0.16,0.73,0.18,1.14
RE19p,YES,18.32,-65.82,375-459,Total,number,-999,0.84,no,fine,17,1,0,1,0,0,1,0,evergreen,N,N,EBL forest / tropica,2,1566,4000,"non-tropical,",0.09,0.44,0.09,0.53
RE19q,YES,18.32,-65.82,375-459,Total,number,-999,0.86,no,fine,37,1,0,1,0,0,1,0,evergreen,N,N,EBL forest / tropica,2,1566,4000,"non-tropical,",0.18,0.67,0.2,1.03
RE19r,YES,18.32,-65.82,375-459,Total,number,-999,0.52,no,fine,0,1,0,1,0,0,1,0,evergreen,N,N,EBL forest / tropica,2,1566,4000,"non-tropical,",0.08,0.31,0.09,0.38
RE19s,YES,18.32,-65.82,375-459,Total,number,-999,0.78,yes,fine,0,1,0,1,0,0,1,0,evergreen,N,N,EBL forest / tropica,2,1566,4000,"non-tropical,",0.07,0.44,0.08,0.57
RE19t,YES,18.32,-65.82,375-459,Total,number,-999,0.78,yes,fine,0,1,0,1,0,0,1,0,evergreen,N,N,EBL forest / tropica,2,1566,4000,"non-tropical,",0.07,0.53,0.08,0.85
RE19u,YES,18.32,-65.82,375-459,Total,number,-999,0.49,no,fine,0,1,0,1,0,0,1,0,evergreen,N,N,EBL forest / tropica,2,1566,4000,"non-tropical,",0.08,0.34,0.08,0.48
RE19v,YES,10.47,-84.02,16,Total,number,-999,0.62,yes,fine,0,1,0,1,0,0,1,0,evergreen,N,N,EBL forest / tropica,2,1426,3800,"non-tropical,",0.11,0.47,0.12,0.76
RE19w,YES,10.47,-84.02,16,Total,number,-999,0.73,no,fine,0,1,0,1,0,0,1,0,evergreen,N,N,EBL forest / tropica,2,1426,3800,"non-tropical,",0.17,0.63,0.24,1.19
RE19x,YES,10.72,-61.3,450,Total,number,-999,0.5,no,fine,0,1,0,1,0,0,1,0,evergreen,N,N,EBL forest / tropica,2,1576,2400,"tropical, seas",0.03,0.28,0.03,0.42
RE19y,YES,15.43,-61.33,500,Total,number,-999,0.59,no,fine,5,1,0,1,0,0,1,0,evergreen,N,N,EBL forest / tropica,2,1654,6350,"non-tropical,",0.07,0.49,0.11,0.94
RE19z,YES,15.52,-61.35,240,Total,number,-999,0.46,no,fine,0,1,0,1,0,0,1,0,evergreen,N,N,EBL forest / tropica,2,1654,3800,"non-tropical,",0.04,0.34,0.05,0.61
RE19z,YES,15.42,-61.35,450,Total,number,-999,0.72,no,fine,27,1,0,1,0,0,1,0,evergreen,N,N,EBL forest / tropica,2,1654,6350,"non-tropical,",0.13,0.54,0.14,0.82
RE19z,YES,15.42,-61.35,-999,Total,number,-999,0.59,no,fine,0,1,0,1,0,0,1,0,evergreen,N,N,EBL forest / tropica,2,1654,6350,"non-tropical,",0.14,0.45,0.15,0.67
RE22a,YES,10.43,-83.83,40-110,5,mass,0.91,0.51,no,fine,1,1,0,1,0,0,1,0,evergreen,N,N,EBL forest / tropica,2,1313,3800,"non-tropical,",0.19,0.46,0.25,0.82
RE22b,YES,10.43,-83.83,40-110,5,mass,0.51,0.51,no,fine,1,1,0,1,0,0,1,0,evergreen,N,N,EBL forest / tropica,2,1313,3800,"non-tropical,",0.11,0.41,0.12,0.66
RE23a,NO,-1.18,-47.57,-999,Total,mass,2.02,6,no,medium,-999,1,0,1,0,1,1,0,evergreen,N,N,EBL forest / tropica,2,1303,2469,"tropical, seas",1.22,5.29,1.22,5.29
RE23b,NO,-1.08,-47.33,-999,Total,mass,3.72,6,no,medium,-999,1,0,1,0,1,1,0,evergreen,Y,N,EBL forest / tropica,2,1303,2469,"tropical, seas",0.36,3.76,0.36,3.76
RE24a,NO,-0.62,-72.45,-999,Total,mass,0.45,0.5,yes,medium,0.5,0,0,0,0,1,0,0,-999,Y,N,Pasture,10,850,3059,"non-tropical,",0.04,0.26,0.04,0.32
RE24b,NO,-0.62,-72.45,-999,Total,mass,1.47,0.5,no,medium,0.5,1,0,1,0,1,1,0,evergreen,Y,N,EBL forest / tropica,2,850,3059,"non-tropical,",0.07,0.32,0.07,0.43
RE24c,NO,-0.62,-72.45,-999,Total,mass,3.92,0.5,no,medium,0.5,1,0,1,0,1,1,0,evergreen,N,N,EBL forest / tropica,2,850,3059,"non-tropical,",0.16,0.45,0.24,0.85
RF13,NO,18.38,-65.92,750,Total,mass,6.69,1,no,-999,0,1,0,1,0,0,1,0,evergreen,N,Y,EBL forest / tropica,2,1566,3725,"non-tropical,",0.12,0.79,0.15,1.43
RF15a,NO,18.38,-65.92,-999,Total,mass,9.62,0.5,no,fine,5,1,0,0,0,0,0,0,evergreen,N,Y,EBL forest / tropica,2,1566,4169,"non-tropical,",0.17,0.45,0.23,0.81
RF15b,NO,18.2,-67.13,-999,Total,mass,12.28,0.5,no,fine,7,1,0,0,0,0,0,0,evergreen,N,Y,EBL forest / tropica,2,1533,2021,"tropical, seas",0.15,0.43,0.18,0.74
RF15c,NO,17.98,-66,-999,Total,mass,4.32,0.5,no,organic,17,1,0,0,0,0,0,0,evergreen,N,Y,EBL forest / tropica,2,1533,730,"non-tropical,",0.19,0.46,0.3,0.89
RF15d,NO,18.47,-66.4,-999,Total,mass,2.58,0.5,no,coarse,7,1,0,0,0,0,0,0,evergreen,N,Y,EBL forest / tropica,2,1566,1688,"non-tropical,",0.04,0.29,0.04,0.42
RF20a,NO,8.45,-78.17,7,Total,number,-999,0.53,no,fine,0,1,0,1,0,0,1,0,evergreen,N,Y,EBL forest / tropica,2,1159,2160,"tropical, seas",0.27,0.5,0.43,0.97
RF20b,NO,-1.43,-48.48,7,Total,number,-999,0.28,no,fine,0,1,0,1,0,0,1,0,evergreen,N,Y,EBL forest / tropica,2,1304,2830,"tropical, seas",0.08,0.25,0.12,0.48
RF20c,NO,-2.58,-60.03,44,Total,number,-999,0.46,no,fine,0,1,0,1,0,0,1,0,evergreen,N,Y,EBL forest / tropica,2,1075,2100,"non-tropical,",0.1,0.4,0.17,0.79
RF20d,NO,6.78,-58.15,30,Total,number,-999,0.39,no,fine,0,1,0,1,0,0,1,0,evergreen,N,Y,EBL forest / tropica,2,1135,2400,"non-tropical,",0.01,0.28,0.02,0.54
RF20e,NO,10.77,-61.37,6,Total,number,-999,0.52,no,fine,15,1,0,1,0,0,1,0,evergreen,N,Y,EBL forest / tropica,2,1576,2100,"tropical, seas",0.13,0.46,0.21,0.89
RF20f,NO,10.6,-61.05,15,Total,number,-999,0.33,no,fine,4,1,0,1,0,0,1,0,evergreen,N,Y,EBL forest / tropica,2,1576,2000,"tropical, seas",0.02,0.13,0.02,0.14
RF20g,NO,10.6,-61.05,15,Total,number,-999,0.33,no,fine,4,1,0,1,0,0,1,0,evergreen,N,Y,EBL forest / tropica,2,1576,2000,"tropical, seas",0,0.18,0,0.34
RG01a,YES,22.25,-80.68,25,Total,mass,0.48,0.4,no,coarse,0,0,0,1,0,1,0,0,-999,N,N,Savanna,7,1481,1250,"tropical, seas",0.07,0.31,0.08,0.5
RG01b,YES,21.63,-82.98,2,Total,mass,0.59,0.5,no,coarse,0,0,0,1,0,1,0,0,-999,N,N,Savanna,7,1489,1480,"tropical, seas",0.07,0.34,0.07,0.5
RG01c,YES,22.88,-82.88,150,Total,mass,0.79,0.4,no,medium,0,0,0,0,0,1,0,0,-999,N,N,Grassland,10,1489,2013,"tropical, seas",0.05,0.32,0.07,0.57
RG02a,YES,-24.65,28.75,1100,Total,number,-999,1.2,no,coarse,0,1,0,1,0,1,0,0,drought-deciduous,N,N,Savanna,7,1256,630,"tropical, seas",0.28,0.92,0.3,1.31
RG02b,YES,-24.65,28.75,1100,Total,number,-999,1,no,coarse,0,1,0,0,0,1,0,0,drought-deciduous,N,N,Savanna,7,1256,630,"tropical, seas",0.38,0.91,0.54,1.71
RG03,YES,9.38,-1.98,165,Total,mass,2.81,0.7,no,medium,0,1,0,0,1,1,1,0,drought-deciduous,N,N,Savanna,7,1653,1070,"tropical, seas",0.16,0.49,0.17,0.62
RG04a,YES,6.22,-5.03,-999,2,mass,0.9,1.8,yes,coarse,0,0,0,1,0,1,0,0,-999,N,N,Savanna,7,1265,1210,"tropical, seas",0.17,0.9,0.17,1.04
RG04b,YES,6.22,-5.03,-999,2,mass,0.62,1.8,no,coarse,0,0,0,1,0,1,0,0,-999,N,N,Savanna,7,1265,1210,"tropical, seas",0.21,1.14,0.22,1.48
RG05a,YES,5.7,-0.12,30,Total,mass,2.33,1.2,no,medium,0,0,0,0,0,1,0,0,-999,N,N,Grassland,10,1358,750,"tropical, seas",0.32,0.95,0.34,1.38
RG05b,YES,5.7,-0.12,30,Total,mass,5.34,1.2,no,medium,0,0,0,1,0,1,0,0,evergreen,N,N,Savanna,7,1358,750,"tropical, seas",0.14,0.89,0.17,1.48
RG05c,YES,5.7,-0.12,30,Total,mass,8.29,1.2,no,medium,0,1,0,1,0,0,0,0,evergreen,N,N,Savanna,7,1358,750,"tropical, seas",0.15,0.73,0.15,0.95
RG06a,YES,24.18,83.02,~400,Total,mass,0.49,0.5,no,medium,0,1,0,1,0,1,0,0,drought-deciduous,Y,N,Savanna,7,1711,1145,"tropical, seas",0.07,0.41,0.1,0.79
RG06b,YES,24.18,83.02,~400,Total,mass,0.98,0.5,no,medium,0,1,0,1,0,1,0,0,drought-deciduous,Y,N,Savanna,7,1711,1145,"tropical, seas",0.09,0.42,0.12,0.76
RG07a,YES,-24.65,28.75,1100,-999,length,-999,1,no,coarse,0,1,0,0,0,1,1,0,drought-deciduous,N,N,Savanna,7,1256,630,"tropical, seas",0.3,0.86,0.36,1.48
RG07b,YES,-24.65,28.75,1100,-999,length,-999,1,no,coarse,0,1,0,0,0,1,1,0,drought-deciduous,N,N,Savanna,7,1256,630,"tropical, seas",0.2,0.81,0.24,1.35
RG09a,YES,-16.1,-47.9,1100,Total,mass,1.58,2,no,fine,0,0,0,0,0,1,0,0,-999,N,N,Grassland,10,1404,1482,"tropical, seas",0.06,1.42,0.08,2.08
RG09b,YES,-16.1,-47.9,1100,Total,mass,3.05,2,no,coarse,0,1,0,1,0,1,0,0,evergreen,N,N,Savanna,7,1404,1482,"tropical, seas",0.09,0.79,0.1,0.89
RG09c,YES,-16.1,-47.9,1100,Total,mass,4.67,2,no,-999,0,1,0,1,0,1,0,0,evergreen,N,N,Savanna,7,1404,1482,"tropical, seas",0.1,0.51,0.1,0.52
RG09d,YES,-16.1,-47.9,1100,Total,mass,5.36,2,no,-999,0,1,0,1,0,1,0,0,evergreen,N,N,Savanna,7,1404,1482,"tropical, seas",0.16,0.92,0.16,1.02
RG10,YES,13.25,2.25,-999,Total,length,-999,2.3,no,coarse,0,0,0,1,0,1,1,0,drought-deciduous,N,N,Savanna,7,2264,585,"tropical, seas",0.22,1.4,0.23,1.61
RG11a,YES,6.22,-5.03,-999,Total,mass,2.92,1.2,no,coarse,0,1,0,0,0,1,0,0,drought-deciduous,N,N,Savanna,7,1265,1210,"tropical, seas",0.22,0.79,0.22,0.99
RG11b,YES,6.22,-5.03,-999,Total,mass,1.12,1.2,no,coarse,0,1,0,0,0,1,0,0,drought-deciduous,N,N,Savanna,7,1265,1210,"tropical, seas",0.22,0.87,0.23,1.26
RG13,YES,0.1,34.57,1420,Total,length,-999,2.25,no,fine,0,0,0,0,0,1,1,0,-999,Y,N,Pasture,10,1413,1800,"non-tropical,",0.16,1.61,0.17,2.04
RG14a,YES,13.17,5.92,280,Total,mass,0.28,1.7,yes,coarse,0,0,0,0,0,1,0,0,-999,N,N,Grassland,10,2311,700,"tropical, seas",0.1,1,0.11,1.4
RG14b,YES,12.58,5.7,310,Total,mass,0.46,1.8,no,coarse,0,0,0,0,0,1,0,0,-999,N,N,Grassland,10,2223,900,"tropical, seas",0.08,0.43,0.08,0.44
RG15,YES,-25.55,27.68,-999,Total,mass,1.74,1,no,medium,0,1,0,0,0,0,0,0,winter-deciduous,N,N,Savanna,7,1240,376,"tropical, seas",0.42,0.89,0.47,1.39
RG16,YES,-2.98,-47.52,-999,1,mass,0.58,6.72,no,fine,0,0,0,0,0,1,1,0,-999,Y,N,Pasture,10,1313,1750,"tropical, seas",0.29,4.64,0.29,4.64
RG18a,YES,17,-89,500,2,mass,0.49,0.6,no,medium,0,0,0,0,0,1,0,0,-999,N,N,Grassland,10,1366,500,"tropical, seas",0.07,0.34,0.07,0.43
RG18b,YES,17,-89,-999,2,mass,0.61,0.6,no,medium,0,0,1,0,0,1,0,0,evergreen,N,N,Savanna,6,1366,500,"tropical, seas",0.09,0.42,0.09,0.62
RG18c,YES,17,-89,-999,2,mass,0.69,0.6,no,medium,0,0,0,1,0,0,0,0,evergreen,N,N,Savanna,6,1366,500,"tropical, seas",0.11,0.36,0.11,0.42
RG19a,YES,19.5,-96.5,<10,2,mass,0.5,2,no,coarse,0,0,0,0,0,1,0,0,-999,Y,N,Pasture,10,1438,1300,"tropical, seas",0.46,1.69,0.54,2.4
RG19b,YES,19.5,-96.5,<10,2,mass,0.75,2,no,coarse,0,1,0,0,0,0,0,0,drought-deciduous,Y,N,Savanna,7,1438,1300,"tropical, seas",0.43,1.69,0.51,2.4
RG21,YES,26.27,72.97,-999,Total,mass,0.19,0.9,no,coarse,0,1,0,0,0,1,0,0,drought-deciduous,N,N,Savanna,7,2183,355,summer maximum,0.3,0.81,0.44,1.54
RG22,YES,29.17,75.77,215,Total,mass,-999,2.33,no,medium,0,1,0,0,0,0,0,0,drought-deciduous,N,N,Savanna,7,1687,550,summer maximum,0.22,1.01,0.22,1.06
RG23,YES,11.78,76.38,900,Total,mass,1.24,0.5,no,-999,0,0,0,0,0,1,1,0,-999,N,N,Grassland,10,1650,1098,"tropical, seas",0.1,0.41,0.12,0.7
RG24a,YES,-1.57,34.83,-999,Total,mass,0.41,0.5,no,medium,0,0,0,0,0,1,0,0,-999,N,N,Grassland,10,1406,1100,"tropical, seas",0.07,0.33,0.07,0.47
RG24b,YES,-2.33,34.95,-999,Total,mass,0.48,0.5,no,medium,0,0,0,0,0,1,0,0,-999,N,N,Grassland,10,1424,800,"tropical, seas",0.11,0.36,0.12,0.48
RG24c,YES,-2.73,35.17,-999,Total,mass,0.63,0.5,no,fine,0,0,0,0,0,1,0,0,-999,N,N,Grassland,10,1410,425,"tropical, seas",0.19,0.46,0.3,0.89
RG25,YES,2.2,35.75,-999,Total,length,-999,2.4,no,medium,0,1,0,0,0,0,0,0,drought-deciduous,N,N,Savanna,7,1530,300,"tropical, seas",0.32,1.12,0.32,1.17
RG26,YES,13.08,12.1,-999,>2,mass,-999,3.5,no,coarse,0,1,0,0,0,0,0,0,deciduous during wet,N,N,Savanna,7,2155,562,"tropical, seas",0.66,2.59,0.66,2.59
RG27a,YES,16.22,-15.1,40,Total,mass,0.13,6,no,coarse,0,1,0,1,0,0,0,0,drought-deciduous,N,N,Savanna,7,2124,316,"tropical, seas",0.23,2.61,0.23,2.61
RG27b,YES,16.22,-15.1,40,Total,mass,0.98,6,yes,coarse,0,1,0,0,0,0,0,0,drought-deciduous,N,N,Savanna,7,2124,316,"tropical, seas",0.33,2.05,0.33,2.05
RG27c,YES,16.22,-15.1,40,Total,mass,0.23,2,no,coarse,0,0,0,0,0,1,1,0,-999,N,N,Grassland,10,2124,316,"tropical, seas",0.11,1.02,0.11,1.25
RG28,YES,14.5,5.75,-999,Total,mass,0.51,0.6,no,coarse,0,1,0,0,0,1,0,0,drought-deciduous,N,N,Savanna,7,2559,580,"tropical, seas",0.2,0.5,0.22,0.76
RG29,YES,4.5,-71.32,150,Total,length,-999,0.8,no,fine,0,0,0,0,0,1,0,0,-999,N,N,Grassland,10,890,2240,"tropical, seas",0.16,0.69,0.25,1.33
RG30,YES,4.62,-71.32,150,Total,length,-999,0.8,no,fine,0,0,0,0,0,1,0,0,-999,N,N,Grassland,10,891,2200,"tropical, seas",0.13,0.67,0.18,1.24
RG31a,YES,-3.42,37.92,450,Total,number,-999,1,no,-999,0,1,0,0,0,1,0,0,drought-deciduous,N,N,Savanna,7,1352,450,"tropical, seas",0.37,0.91,0.53,1.71
RG31b,YES,-3.42,37.92,450,Total,number,-999,1,no,-999,0,0,0,0,0,1,1,0,-999,N,N,Grassland,10,1352,450,"tropical, seas",0.33,0.89,0.43,1.6
RG31c,YES,-2.75,38.13,767,Total,number,-999,1,no,-999,0,1,0,0,0,1,0,0,drought-deciduous,N,N,Savanna,7,1498,767,"tropical, seas",0.33,0.89,0.44,1.64
RG31d,YES,-2.75,38.13,767,Total,number,-999,1.2,no,-999,0,0,0,0,0,1,1,0,-999,N,N,Grassland,10,1498,767,"tropical, seas",0.43,1.08,0.58,1.99
RG32,YES,29.17,75.77,215,2,mass,0.91,1.2,no,medium,0,1,0,0,0,0,0,0,drought-deciduous,N,N,Savanna,7,1687,550,summer maximum,0.21,0.82,0.22,1.11
RG33a,YES,-1.18,36.63,~2200,Total,volume,-999,5.79,no,medium,0,1,0,0,0,0,0,0,evergreen,N,N,Savanna,7,1461,967,"tropical, seas",0.06,3.64,0.06,3.64
RG33b,YES,-1.18,36.63,~2200,Total,volume,-999,4.88,no,medium,0,0,0,0,0,1,0,0,-999,N,N,Grassland,10,1461,967,"tropical, seas",0.22,3.02,0.22,3.02
RG34a,NO,-21.1,-47.75,-999,Total,mass,0.34,2.24,no,fine,0,0,0,0,0,1,0,0,-999,Y,N,Pasture,10,1280,1483,"tropical, seas",0.13,1.62,0.15,2.08
RG34b,NO,-21.1,-50.9,-999,Total,mass,0.24,2.8,no,fine,0,0,0,0,0,1,0,0,-999,Y,N,Pasture,10,1293,1326,"tropical, seas",0.42,2.03,0.42,2.13
RG35,NO,11.43,-3.4,-999,Total,number,-999,7.5,no,medium,0,1,0,0,0,0,0,0,deciduous during wet,Y,N,Savanna,7,1981,924,"tropical, seas",3.41,6.74,3.41,6.74
RG36a,NO,-6.83,37.63,-999,Total,mass,0.08,0.8,no,medium,0,1,0,0,0,0,0,0,drought-deciduous,Y,N,Savanna,7,1275,870,"tropical, seas",0.29,0.72,0.39,1.33
RG36b,NO,-6.83,37.63,-999,Total,mass,0.07,1,no,medium,0,1,0,0,0,0,0,0,evergreen,Y,N,Savanna,7,1275,870,"tropical, seas",0.35,0.91,0.5,1.7
RG37,NO,0.47,32.45,-999,Total,mass,1.05,0.8,no,fine,0,0,0,0,0,1,0,0,-999,Y,N,Pasture,10,1209,1400,"non-tropical,",0.07,0.58,0.08,1
RG38,NO,6.07,80.67,-999,Total,mass,4.74,3.05,no,fine,0,0,0,0,0,1,0,0,-999,Y,N,Pasture,10,1528,1800,"non-tropical,",0.26,1.22,0.26,1.22
RG39,NO,-2.98,-47.52,-999,Total,mass,1.01,4,yes,fine,0,1,0,0,0,1,0,0,evergreen,Y,N,Pasture,10,1313,1800,"tropical, seas",0.68,2.89,0.68,2.89
RG40,NO,25.33,83,-999,Total,mass,0.7,0.5,no,fine,0,0,0,0,0,1,1,0,-999,Y,N,Pasture,10,1314,1040,"tropical, seas",0.03,0.27,0.03,0.39
SC02,YES,-33.95,18.92,400,Total,mass,1.22,3.5,no,coarse,0,0,0,1,0,1,1,0,-999,N,N,Closed shrubland,8,1285,1700,winter maximum,0.07,0.32,0.07,0.32
SC04,YES,32.78,-116.53,1400,Total,mass,1.34,1,no,medium,0,0,0,1,0,0,0,0,-999,N,N,Closed shrubland,8,1276,460,winter maximum,0.4,0.83,0.42,1.05
SC05,YES,43.7,3.85,-999,Total,mass,8.94,1,no,medium,0,0,0,1,0,0,0,0,-999,N,N,Closed shrubland,8,1222,900,"non-tropical,",0.15,0.72,0.17,1.07
SC06,YES,-29.87,115.25,-999,Total,mass,3.07,1.8,no,coarse,0,0,0,1,0,0,0,0,-999,N,N,Closed shrubland,8,1604,530,winter maximum,0.13,0.95,0.13,1.19
SC07,YES,37.12,-6.2,-999,Total,mass,1.33,1,no,coarse,0,0,0,1,1,0,0,0,-999,N,N,Closed shrubland,8,1490,620,winter maximum,0.12,0.82,0.18,1.57
SC09a,YES,32.9,-116.65,1000,Total,mass,-999,0.8,no,medium,0,0,0,1,0,0,0,0,-999,N,N,Closed shrubland,8,1276,550,winter maximum,0.11,0.42,0.11,0.48
SC09b,YES,-33.07,-71,1000,Total,mass,-999,1,no,-999,0,0,0,1,0,0,0,0,-999,N,N,Closed shrubland,8,1103,550,winter maximum,0.26,0.85,0.31,1.45
SC10a,YES,-36.03,140.4,-999,Total,mass,6.34,0.76,no,coarse,0,0,0,1,1,1,1,0,-999,N,N,Closed shrubland,8,1308,457,winter maximum,0.13,0.44,0.13,0.5
SC10b,YES,-36.03,140.4,-999,Total,mass,6.8,1.83,no,coarse,0,0,0,1,1,1,1,0,-999,N,N,Closed shrubland,8,1308,457,winter maximum,0.13,0.68,0.13,0.73
SC10c,YES,-36.03,140.4,-999,Total,mass,8.08,0.76,no,coarse,0,0,0,1,1,1,1,0,-999,N,N,Closed shrubland,8,1308,457,winter maximum,0.1,0.35,0.1,0.37
SC11a,YES,-32.27,116.38,-999,Total,length,-999,18,no,medium,0,1,0,0,0,0,0,0,evergreen,N,N,Xeric forest,6,1420,950,winter maximum,0.24,5.62,0.24,5.62
SC11b,YES,-32.27,116.38,-999,Total,length,-999,15,no,medium,0,1,0,0,0,0,0,0,evergreen,N,N,Xeric forest,6,1420,950,winter maximum,0.21,9.01,0.21,9.01
SC12,YES,33.88,-116.75,1150,Total,number,-999,2,no,medium,0,0,0,1,0,0,0,0,-999,N,N,Closed shrubland,8,1331,550,winter maximum,0.25,1.56,0.29,2.2
SC13,YES,33.58,-111.27,1006,Total,mass,10.42,2.8,no,medium,0,0,0,1,0,0,0,0,-999,N,N,Closed shrubland,8,1780,653,"non-tropical,",0.57,1.99,0.58,2.07
SC14,YES,37.97,23.92,140,Total,mass,0.45,0.8,no,medium,0,1,0,0,0,1,1,0,evergreen,Y,N,Wooded grassland,6,1529,496,winter maximum,0.07,0.57,0.08,0.96
SC15a,YES,-33.95,118.48,-999,Total,mass,0.52,0.51,no,medium,3,0,0,1,0,0,0,0,-999,N,N,Closed shrubland,8,1194,340,winter maximum,0.05,0.25,0.05,0.3
SC15b,YES,-31.95,115.82,-999,Total,mass,11.09,0.67,no,coarse,4,0,0,1,0,0,0,0,-999,N,N,Closed shrubland,8,1272,820,winter maximum,0.02,0.19,0.02,0.21
SG05,YES,40.82,-104.78,1650,Total,length,-999,1,no,medium,0,0,0,0,0,1,0,0,-999,N,N,Grassland,10,1248,321,summer maximum,0.22,0.83,0.27,1.45
SG06a,YES,40.82,-104.77,1650,2,mass,1.79,0.9,no,medium,0,0,0,1,0,1,0,1,-999,N,N,Grassland,10,1248,311,summer maximum,0.08,0.72,0.13,1.39
SG06b,YES,40.82,-104.77,1650,2,mass,3.4,0.9,no,medium,0,0,0,1,0,1,0,0,-999,N,N,Grassland,10,1248,311,summer maximum,0.24,0.8,0.36,1.52
SG06c,YES,40.82,-104.77,1650,2,mass,1.88,0.9,no,medium,0,0,0,1,0,0,0,0,-999,N,N,Wooded grassland,7,1248,311,summer maximum,0.14,0.62,0.15,0.88
SG06d,YES,40.82,-104.77,1650,2,mass,1.64,0.9,no,medium,0,0,0,0,1,1,0,0,-999,N,N,Grassland,10,1248,311,summer maximum,0.12,0.71,0.16,1.26
SG06e,YES,40.82,-104.77,1650,2,mass,1.32,0.9,no,medium,0,0,0,0,1,1,0,0,-999,N,N,Grassland,10,1248,311,summer maximum,0.1,0.69,0.13,1.24
SG09,YES,-44.88,-71.33,1160,Total,mass,2.14,2,no,medium,0,0,0,1,0,1,0,0,-999,N,N,Grassland,10,881,290,winter maximum,0.13,1.01,0.13,1.19
SG10b,YES,43.95,-101.87,744,Total,mass,1.74,0.6,no,fine,0,0,0,0,0,1,0,0,-999,N,N,Grassland,10,1089,400,summer maximum,0.1,0.5,0.14,0.95
SG10c,YES,46.9,-102.82,784,Total,mass,1.87,0.6,no,coarse,0,0,0,0,0,1,1,0,-999,N,N,Grassland,10,1168,400,summer maximum,0.03,0.46,0.05,0.89
SG10g,YES,35.3,-101.53,1075,Total,mass,0.79,0.6,no,fine,0,0,0,0,0,1,1,1,-999,N,N,Grassland,10,1375,500,summer maximum,0.09,0.51,0.14,0.98
SG10h,YES,40.82,-104.77,1652,Total,mass,1.35,0.6,no,medium,0,0,0,1,0,1,1,1,-999,N,N,Grassland,10,1248,300,summer maximum,0.09,0.51,0.14,0.98
SG11,YES,40.82,-104.77,1630,Total,mass,1.05,0.6,no,medium,0,0,0,0,0,1,0,0,-999,N,N,Grassland,10,1248,300,summer maximum,0.06,0.36,0.06,0.48
SG20,YES,50.7,-107.8,680,Total,mass,2.42,1.5,no,fine,0,0,0,0,0,1,0,0,-999,N,N,Grassland,10,1025,338,summer maximum,0.23,1.23,0.31,2.28
SG23f,YES,47.28,38,-999,Total,mass,1.63,1,no,fine,0,0,0,0,0,1,1,0,-999,N,N,Grassland,10,732,438,"non-tropical,",0.12,0.69,0.13,1.06
SG23g,YES,47.28,38,-999,Total,mass,1.47,1,no,fine,0,0,0,0,0,1,1,0,-999,N,N,Grassland,10,732,438,"non-tropical,",0.11,0.73,0.13,1.22
SG23h,YES,46.5,33.97,-999,Total,mass,1.22,1.5,no,-999,0,0,0,0,1,1,1,0,-999,N,N,Grassland,10,878,390,"non-tropical,",0.1,1.06,0.12,1.87
SG23i,YES,46.5,33.97,-999,Total,mass,2.95,1,no,medium,0,0,0,0,1,1,1,0,-999,N,N,Grassland,10,878,390,"non-tropical,",0.15,0.71,0.16,1.07
SG23j,YES,46.5,33.97,-999,Total,mass,1.69,1,no,-999,0,0,0,0,1,1,1,0,-999,N,N,Grassland,10,878,390,"non-tropical,",0.07,0.78,0.1,1.49
SG23k,YES,46.5,33.97,-999,Total,mass,3.59,2.38,no,-999,0,0,0,0,1,1,1,0,-999,N,N,Grassland,10,878,390,"non-tropical,",0.15,1.39,0.16,1.6
SG23l,YES,46.12,34.2,-999,Total,mass,2.14,1,no,medium,0,0,0,0,1,1,0,0,-999,N,N,Grassland,10,878,400,"non-tropical,",0.13,0.76,0.15,1.3
SG23m,YES,46.12,34.2,-999,Total,mass,2.3,1,no,medium,0,0,0,0,1,1,0,0,-999,N,N,Grassland,10,878,400,"non-tropical,",0.12,0.77,0.15,1.36
SG23n,YES,46.12,34.2,-999,Total,mass,1.69,1,no,medium,0,0,0,0,1,1,0,0,-999,N,N,Grassland,10,878,400,"non-tropical,",0.09,0.8,0.14,1.53
SG24,YES,-38.75,-63.75,-999,Total,number,-999,0.6,no,medium,0,0,0,0,0,1,0,0,-999,N,N,Grassland,10,977,400,summer maximum,0.29,0.55,0.36,0.98
SG26a,YES,45.87,-111.18,1360,5,mass,0.9,0.7,no,medium,0,0,0,0,0,1,0,0,-999,N,N,Grassland,10,1096,360,summer maximum,0.19,0.62,0.28,1.18
SG30a,YES,51.95,106.78,-999,Total,mass,1.51,0.5,no,-999,0,0,0,0,1,1,1,0,-999,N,N,Grassland,10,640,435,summer maximum,0.04,0.31,0.04,0.47
SG30b,YES,51.95,106.78,-999,Total,mass,2.49,0.5,no,-999,0,0,0,0,1,1,1,0,-999,N,N,Grassland,10,640,435,summer maximum,0.07,0.38,0.08,0.64
SG30c,YES,51.95,106.78,-999,Total,mass,1.54,0.5,no,-999,0,0,0,0,1,1,1,0,-999,N,N,Grassland,10,640,435,summer maximum,0.06,0.32,0.07,0.43
SG31,YES,46.45,-117.02,350,Total,mass,0.1,1.6,no,medium,0,0,0,0,0,1,0,0,-999,N,N,Grassland,10,1069,355,winter maximum,0.2,1.29,0.27,2.29
SG33,YES,52.13,-106.63,-999,Total,mass,1.88,1.22,no,medium,0,0,0,0,0,1,0,0,-999,N,N,Grassland,10,881,362,summer maximum,0.08,0.6,0.08,0.76
SG34,NO,31.7,-110.05,-999,Total,mass,0.64,0.91,yes,-999,0,0,0,0,0,1,0,0,-999,N,N,Grassland,10,1654,343,summer maximum,0.05,0.66,0.06,0.96
TC02,YES,51.95,9.73,-999,2,mass,0.25,0.85,no,coarse,5,0,1,0,0,0,0,0,evergreen,Y,N,ENL plantation / tem,1,637,781,"non-tropical,",0.25,0.62,0.26,0.76
TC04,YES,42.5,-72.2,-999,3,mass,0.51,0.98,no,medium,8,0,1,0,0,0,0,0,evergreen,Y,N,ENL plantation / tem,1,779,1050,"non-tropical,",0.22,0.79,0.25,1.31
TC05,YES,51.72,-1.25,-999,Total,mass,1.42,1.07,no,medium,0,0,1,0,0,0,0,0,evergreen,Y,N,ENL plantation / tem,1,730,650,"non-tropical,",0.51,0.86,0.51,0.95
TC06,YES,44.93,-68.65,-999,3,mass,0.7,0.45,no,medium,5,0,1,0,0,0,0,0,evergreen,N,N,ENL forest / tempera,1,611,1033,"non-tropical,",0.06,0.23,0.06,0.26
TC08,YES,49.32,16.67,460,5,mass,-999,1,no,fine,0,0,1,0,0,0,0,0,evergreen,N,N,ENL forest / tempera,1,732,628,summer maximum,0.16,0.74,0.17,1.14
TC09a,YES,57.62,-3.73,<100,Total,mass,4.19,0.61,no,coarse,0,0,1,1,0,0,0,0,evergreen,N,N,ENL forest / tempera,1,595,607,"non-tropical,",0.18,0.47,0.19,0.64
TC09b,YES,57.62,-3.73,<100,Total,mass,4.71,1.22,no,coarse,0.6,0,1,0,0,0,0,0,evergreen,N,N,ENL forest / tempera,1,595,607,"non-tropical,",0.24,0.89,0.25,1.27
TC09c,YES,57.62,-3.73,<100,Total,mass,6.73,1.22,no,coarse,1.3,0,1,0,0,0,1,0,evergreen,N,N,ENL forest / tempera,1,595,607,"non-tropical,",0.29,1.03,0.37,1.82
TC09d,YES,57.62,-3.73,<100,Total,mass,10.42,1.52,no,coarse,1.3,0,1,0,0,0,1,0,evergreen,N,N,ENL forest / tempera,1,595,607,"non-tropical,",0.32,1.24,0.38,2.08
TC10a,YES,53.13,9.78,70,2,mass,0.6,1,no,coarse,4.5,0,1,0,1,1,0,0,evergreen,Y,N,ENL plantation / tem,1,729,740,"non-tropical,",0.09,0.75,0.12,1.33
TC10b,YES,52.6,10.03,40,2,mass,0.76,1,no,coarse,5,0,1,0,1,1,0,0,evergreen,Y,N,ENL plantation / tem,1,744,700,"non-tropical,",0.1,0.69,0.11,1.11
TC10c,YES,53.13,9.78,85,2,mass,0.55,1,no,coarse,6,0,1,0,1,1,0,0,evergreen,Y,N,ENL plantation / tem,1,729,740,"non-tropical,",0.12,0.77,0.15,1.35
TC10d,YES,52.83,10.28,78,2,mass,0.6,1,yes,organic,40,0,1,0,1,1,1,0,evergreen,Y,N,ENL plantation / tem,1,744,705,"non-tropical,",0.06,0.29,0.06,0.3
TC10e,YES,52.41,10.13,68,2,mass,0.33,1,no,coarse,8,0,1,0,0,1,1,0,evergreen,Y,N,ENL plantation / tem,1,638,700,"non-tropical,",0.11,0.7,0.12,1.11
TC10f,YES,53.07,10.57,55,2,mass,0.47,1,no,medium,6,0,1,0,1,1,1,0,evergreen,Y,N,ENL plantation / tem,1,702,600,"non-tropical,",0.11,0.79,0.15,1.45
TC10g,YES,52.25,11.03,145,2,mass,0.35,1,no,coarse,5.5,0,1,0,1,1,1,0,evergreen,Y,N,ENL plantation / tem,1,608,630,"non-tropical,",0.1,0.73,0.12,1.23
TC10h,YES,51.58,9.85,180,2,mass,0.32,1,yes,medium,0,0,1,0,0,0,1,0,evergreen,Y,N,ENL plantation / tem,1,637,610,"non-tropical,",0.21,0.8,0.25,1.32
TC12,YES,47.05,16.45,240,Total,mass,1.1,1.03,yes,medium,2.5,0,1,0,0,0,0,0,evergreen,Y,N,ENL plantation / tem,1,763,750,summer maximum,0.06,0.36,0.06,0.4
TC15a,YES,50,7.1,300-550,5,number,-999,1,yes,medium,0,0,1,0,0,0,0,0,evergreen,Y,N,ENL plantation / tem,1,737,850,"non-tropical,",0.13,0.4,0.14,0.42
TC15b,YES,50,7.1,300-550,5,number,-999,1,yes,medium,0,0,1,0,0,0,0,0,evergreen,Y,N,ENL plantation / tem,1,737,850,"non-tropical,",0.13,0.55,0.13,0.65
TC15c,YES,50,7.1,300-550,5,number,-999,1,yes,medium,0,0,1,0,0,0,0,0,evergreen,Y,N,ENL plantation / tem,1,737,850,"non-tropical,",0.16,0.63,0.17,0.78
TC15d,YES,50,7.1,300-550,5,number,-999,1,yes,medium,0,0,1,0,0,0,0,0,evergreen,Y,N,ENL plantation / tem,1,737,850,"non-tropical,",0.13,0.56,0.14,0.67
TC15e,YES,50,7.1,300-550,5,number,-999,1,yes,medium,0,0,1,0,0,0,0,0,evergreen,Y,N,ENL plantation / tem,1,737,850,"non-tropical,",0.18,0.65,0.19,0.83
TC15f,YES,50,7.1,300-550,5,number,-999,1,yes,medium,0,0,1,0,0,0,0,0,evergreen,Y,N,ENL plantation / tem,1,737,850,"non-tropical,",0.15,0.62,0.15,0.79
TC16a,YES,52.25,5.68,-999,2,length,-999,0.94,no,coarse,4,0,1,0,0,0,0,0,evergreen,Y,N,ENL plantation / tem,1,584,760,"non-tropical,",0.1,0.58,0.11,0.81
TC16b,YES,52.25,5.68,-999,2,length,-999,0.92,no,coarse,2,0,1,0,0,0,0,0,evergreen,Y,N,ENL plantation / tem,1,584,760,"non-tropical,",0.17,0.79,0.26,1.51
TC17a,YES,52.18,5.77,-999,2,mass,0.31,0.84,no,coarse,4,0,1,0,0,0,0,0,evergreen,Y,N,ENL plantation / tem,1,584,760,"non-tropical,",0.27,0.74,0.34,1.28
TC17b,YES,52.25,5.68,-999,2,mass,0.21,0.84,no,coarse,4,0,1,0,0,0,0,0,evergreen,Y,N,ENL plantation / tem,1,584,760,"non-tropical,",0.27,0.74,0.34,1.3
TC18,YES,49.83,-125.28,150,2,mass,0.98,0.78,no,medium,-999,0,1,0,0,0,0,0,evergreen,N,N,ENL forest / tempera,1,733,1100,winter maximum,0.27,0.71,0.4,1.35
TC20,YES,52.42,0.73,-999,Total,length,-999,1.83,no,coarse,11,0,1,0,0,0,1,0,evergreen,Y,N,ENL plantation / tem,1,608,570,"non-tropical,",0.09,0.9,0.09,1.13
TC21,YES,56.55,13.22,100,1,mass,0.28,1.07,no,coarse,6.5,0,1,0,0,0,0,0,evergreen,Y,N,ENL plantation / tem,1,630,720,summer maximum,0.06,0.57,0.06,0.81
TC22a,YES,47.73,8,950,2,length,-999,1.1,no,coarse,3,0,1,0,1,0,0,0,evergreen,N,N,ENL forest / tempera,1,771,1854,summer maximum,0.2,0.89,0.24,1.54
TC22b,YES,47.73,8,950,2,length,-999,1.1,no,coarse,2,1,1,0,1,0,0,0,evergreen,N,N,ENL forest / tempera,1,771,1854,summer maximum,0.21,0.84,0.23,1.32
TC22c,YES,47.73,8,950,2,length,-999,0.65,no,coarse,3,1,1,0,0,0,0,0,evergreen,N,N,ENL forest / tempera,1,771,1854,summer maximum,0.18,0.52,0.19,0.79
TC22d,YES,47.73,8,950,2,length,-999,0.6,no,coarse,3,0,1,0,0,0,0,0,evergreen,N,N,ENL forest / tempera,1,771,1854,summer maximum,0.12,0.45,0.13,0.67
TC24a,YES,45.73,-110.97,1650,5,mass,0.6,0.7,no,medium,-999,0,1,1,0,0,0,0,evergreen,N,N,ENL forest / tempera,1,1096,550,summer maximum,0.16,0.61,0.25,1.18
TC24b,YES,45.92,-110.92,1810,5,mass,0.71,0.7,no,medium,-999,0,1,0,1,0,0,0,evergreen,N,N,ENL forest / tempera,1,1096,900,summer maximum,0.19,0.62,0.29,1.2
TC24c,YES,45.92,-110.92,1830,5,mass,1.84,0.7,no,medium,-999,0,1,0,0,1,0,0,evergreen,N,N,ENL forest / tempera,1,1096,900,summer maximum,0.15,0.61,0.24,1.18
TC24d,YES,45.87,-110.95,2360,5,mass,1.51,0.7,no,medium,-999,0,1,0,1,0,0,0,evergreen,N,N,ENL forest / tempera,1,1096,900,summer maximum,0.33,0.65,0.49,1.25
TC25,YES,42.93,-72.27,-999,Total,number,-999,1.71,no,medium,3.4,0,1,0,0,0,0,0,evergreen,N,N,ENL forest / tempera,1,775,1016,"non-tropical,",0.19,0.89,0.19,1.03
TC26a,YES,57.43,12.25,120-180,2,mass,0.49,0.34,no,-999,7,0,1,0,0,0,0,0,evergreen,N,N,ENL forest / tempera,1,567,960,summer maximum,0.08,0.29,0.11,0.53
TC26b,YES,56.63,13.05,70,2,mass,0.4,0.36,no,-999,6,0,1,0,0,0,0,0,evergreen,N,N,ENL forest / tempera,1,589,1040,summer maximum,0.08,0.32,0.12,0.61
TC26c,YES,56.2,15.38,60,2,mass,0.38,0.35,no,-999,6,0,1,0,0,0,0,0,evergreen,N,N,ENL forest / tempera,1,604,610,summer maximum,0.08,0.3,0.12,0.58
TD04a,YES,39.12,-79.57,457-106,Total,number,-999,1.5,no,medium,0,1,0,0,0,0,0,0,winter-deciduous,N,N,DBL forest / tempera,4,909,1300,"non-tropical,",0.25,0.89,0.25,1.05
TD04b,YES,39.12,-79.57,-999,Total,number,-999,1.8,no,medium,0,1,0,0,0,0,0,0,winter-deciduous,N,N,DBL forest / tempera,4,909,1300,"non-tropical,",0.28,1.27,0.3,1.72
TD04c,YES,39.12,-79.57,-999,Total,number,-999,2.1,no,medium,0,1,0,0,0,0,0,0,winter-deciduous,N,N,DBL forest / tempera,4,909,1300,"non-tropical,",0.27,1.22,0.27,1.4
TD05,YES,42.5,-72.2,-999,3,mass,0.61,0.96,no,medium,6.3,1,0,0,0,0,0,0,winter-deciduous,N,N,DBL forest / tempera,4,779,1050,"non-tropical,",0.1,0.69,0.11,1.14
TD06a,YES,-44.83,-71.72,1080,Total,mass,7.65,2.03,no,medium,15,1,0,1,0,0,1,0,winter-deciduous,N,N,DBL forest / tempera,4,904,770,winter maximum,0.28,1.02,0.28,1.1
TD06b,YES,-44.85,-71.58,960,Total,mass,4.5,2.28,no,coarse,5,1,0,1,0,0,1,0,winter-deciduous,N,N,DBL forest / tempera,4,904,520,winter maximum,0.18,0.54,0.18,0.54
TD07,YES,42.57,-88.48,<1030,Total,number,-999,0.91,no,medium,-999,1,0,0,0,0,0,0,winter-deciduous,N,N,DBL forest / tempera,4,865,800,summer maximum,0.09,0.51,0.1,0.65
TD08,YES,44.1,-91.2,-999,2,mass,0.64,0.6,yes,medium,-999,1,0,0,0,0,1,0,winter-deciduous,N,N,DBL forest / tempera,4,959,792,summer maximum,0.11,0.52,0.18,1
TD09,YES,47.05,16.45,240,Total,mass,2.88,1.03,no,medium,2.5,1,0,0,0,0,0,0,winter-deciduous,N,N,DBL forest / tempera,4,763,750,summer maximum,0.2,0.74,0.22,1.03
TD10a,YES,37.45,-83.13,-999,Total,length,-999,0.92,no,medium,6,1,1,0,0,0,0,0,winter-deciduous,N,N,DBL forest / tempera,4,971,1170,"non-tropical,",0.14,0.68,0.16,1.07
TD10b,YES,37.45,-83.13,-999,Total,length,-999,1.06,no,medium,3,1,1,0,0,0,0,0,winter-deciduous,N,N,DBL forest / tempera,4,971,1170,"non-tropical,",0.16,0.87,0.22,1.59
TD10c,YES,37.45,-83.13,-999,Total,length,-999,1.12,no,medium,2.5,1,0,0,0,0,0,0,winter-deciduous,N,N,DBL forest / tempera,4,971,1170,"non-tropical,",0.19,0.88,0.23,1.48
TD11,YES,47.13,6,355,Total,section,-999,4,no,fine,0,1,0,0,0,1,1,0,winter-deciduous,N,N,DBL forest / tempera,4,801,1100,"non-tropical,",0.34,0.86,0.34,0.86
TD12a,YES,52.27,5.68,-999,2,length,-999,0.91,no,medium,1,1,0,0,0,0,0,0,winter-deciduous,N,N,DBL forest / tempera,4,584,760,"non-tropical,",0.09,0.43,0.09,0.48
TD12b,YES,52.27,5.68,-999,2,length,-999,0.93,no,medium,3,1,0,0,0,0,0,0,winter-deciduous,N,N,DBL forest / tempera,4,584,760,"non-tropical,",0.14,0.59,0.14,0.77
TD12c,YES,52.27,5.68,-999,2,length,-999,0.94,no,medium,4,1,1,0,0,0,0,0,winter-deciduous,N,N,DBL forest / tempera,4,584,760,"non-tropical,",0.26,0.8,0.31,1.38
TD12d,YES,52.27,5.68,-999,2,length,-999,0.95,no,medium,5,1,1,0,0,0,0,0,winter-deciduous,N,N,DBL forest / tempera,4,584,760,"non-tropical,",0.29,0.69,0.29,0.81
TD13,YES,51.77,9.55,500,2,mass,0.09,0.95,no,medium,2.5,1,0,0,0,1,1,0,winter-deciduous,N,N,DBL forest / tempera,4,637,1060,"non-tropical,",0.08,0.71,0.11,1.27
TD14a,YES,51.52,10.05,420,2,mass,0.45,1,no,fine,0,1,0,0,0,1,1,0,winter-deciduous,N,N,DBL forest / tempera,4,637,712,"non-tropical,",0.17,0.77,0.2,1.26
TD14b,YES,51.38,11.43,280,2,mass,0.27,2.03,no,coarse,2.5,1,0,1,0,1,1,0,winter-deciduous,N,N,DBL forest / tempera,4,643,500,summer maximum,0.36,1.32,0.37,1.54
TD14c,YES,51.77,9.58,510,2,mass,0.34,1.26,yes,medium,5.7,1,0,0,0,1,1,0,winter-deciduous,N,N,DBL forest / tempera,4,637,1031,"non-tropical,",0.18,0.89,0.19,1.32
TD14d,YES,52.83,10.28,115,2,mass,0.49,3.57,yes,coarse,6.5,1,0,0,0,0,0,0,winter-deciduous,N,N,DBL forest / tempera,4,744,801,"non-tropical,",0.12,1.3,0.12,1.3
TD15,YES,44.1,-71.15,300,3,mass,1.23,0.81,no,medium,5,1,0,0,0,0,0,0,winter-deciduous,N,N,DBL forest / tempera,4,702,1270,"non-tropical,",0.09,0.57,0.1,0.91
TD16a,YES,43.1,43.12,1400-16,Total,mass,3.02,1,no,-999,-999,1,0,0,0,1,1,0,winter-deciduous,N,N,DBL forest / tempera,4,699,1100,"non-tropical,",0.13,0.67,0.14,0.95
TD16b,YES,43.1,43.12,1400-16,Total,mass,4.05,1,no,-999,-999,1,0,0,0,0,1,0,winter-deciduous,N,N,DBL forest / tempera,4,699,1100,"non-tropical,",0.31,0.85,0.36,1.4
TD17,YES,57.62,-3.73,<100,Total,mass,8.42,1.07,no,coarse,1,1,0,0,0,0,0,0,winter-deciduous,N,N,DBL forest / tempera,4,595,607,"non-tropical,",0.29,0.94,0.41,1.78
TD19a,YES,45.68,-111.03,1560,5,mass,0.6,0.7,no,medium,-999,1,0,1,0,0,0,0,winter-deciduous,N,N,DBL forest / tempera,4,1096,550,summer maximum,0.16,0.61,0.25,1.18
TD19b,YES,45.92,-110.92,1830,5,mass,0.56,0.7,no,medium,-999,1,0,0,0,1,0,0,winter-deciduous,N,N,DBL forest / tempera,4,1096,900,summer maximum,0.06,0.4,0.07,0.54
TD20,YES,48.07,9.95,607,Total,mass,-999,0.9,no,medium,-999,1,1,0,0,0,0,0,winter-deciduous,N,N,DBL forest / tempera,4,704,830,summer maximum,0.34,0.82,0.49,1.55
TD21a,NO,46.9,-96.8,-999,Total,number,-999,3.05,no,coarse,-999,1,0,0,0,0,0,0,winter-deciduous,Y,N,Wooded grassland,7,1005,494,summer maximum,0.38,1.39,0.38,1.39
TD21b,NO,46.9,-96.8,-999,Total,number,-999,3.05,no,fine,-999,1,0,0,0,0,0,0,winter-deciduous,Y,N,Wooded grassland,7,1005,494,summer maximum,0.51,1.47,0.51,1.47
TD22,NO,40.47,-74.55,-999,Total,number,-999,1.95,yes,medium,2,1,0,1,0,1,1,0,winter-deciduous,N,N,DBL forest / tempera,4,792,1194,"non-tropical,",0.28,1.37,0.3,1.79
TF01,NO,32.33,-92.57,-999,3,mass,0.92,1,no,medium,10,1,0,0,0,0,0,0,winter-deciduous,N,Y,DBL forest / tempera,4,1171,1300,"non-tropical,",0.1,0.81,0.16,1.55
TF02,NO,36.6,-76.53,-999,Total,mass,0.58,0.4,no,medium,-999,1,0,0,0,0,0,0,winter-deciduous,N,Y,DBL forest / tempera,4,1009,1290,"non-tropical,",0.13,0.36,0.22,0.71
TG01,YES,57.62,-3.73,-999,Total,mass,2.06,0.76,no,coarse,0,0,0,0,1,1,0,0,-999,Y,N,Pasture,10,595,607,"non-tropical,",0.09,0.44,0.09,0.57
TG02,YES,38.95,-91.93,<100,Total,mass,1.74,0.86,no,medium,0,0,0,0,0,1,1,0,-999,N,N,Grassland,10,1043,1016,summer maximum,0.04,0.55,0.05,0.92
TG07,YES,38.97,-123.12,670,Total,mass,0.13,0.61,no,fine,0,0,0,0,0,1,0,0,-999,N,N,Grassland,10,1028,889,winter maximum,0.09,0.47,0.1,0.82
TG08,YES,40.17,-88.17,-999,Total,mass,1.81,1,no,-999,0,0,0,0,0,1,0,0,-999,N,N,Grassland,10,991,910,summer maximum,0.09,0.8,0.14,1.53
TG10a,YES,45.95,-110.78,2340,Total,mass,1.88,0.5,no,medium,0,0,0,0,0,1,1,0,-999,N,N,Grassland,10,1096,900,summer maximum,0.08,0.41,0.11,0.78
TG12a,YES,40.88,-96.7,-999,Total,mass,1.46,1.52,no,fine,0,0,0,0,0,1,0,0,-999,N,N,Grassland,10,1174,700,summer maximum,0.04,0.68,0.04,0.95
TG12b,YES,40.3,-96.67,-999,Total,mass,1.6,1.52,yes,medium,0,0,0,0,0,1,0,0,-999,N,N,Grassland,10,1099,680,summer maximum,0.07,0.89,0.08,1.36
TG12c,YES,39.82,-97.55,-999,Total,mass,0.82,1.22,yes,fine,0,0,0,0,0,1,0,0,-999,N,N,Grassland,10,1125,1100,summer maximum,0.14,0.93,0.18,1.62
TG12d,YES,41.37,-99.58,-999,Total,mass,1.12,1.22,no,medium,0,0,0,0,0,1,0,0,-999,N,N,Grassland,10,1223,580,summer maximum,0.05,0.74,0.05,1.22
TG12e,YES,40.7,-99.1,-999,Total,mass,0.91,1.22,no,medium,0,0,0,0,0,1,0,0,-999,N,N,Grassland,10,1208,580,summer maximum,0.02,0.56,0.02,0.87
TG13,YES,-30.63,151.57,1065,Total,length,-999,0.75,no,-999,0,0,0,0,0,1,0,0,-999,N,N,Grassland,10,1571,793,"non-tropical,",0.21,0.67,0.33,1.28
TG14,YES,-40.33,175.87,-999,Total,mass,1.92,0.8,no,-999,0,0,0,0,0,1,1,0,-999,N,N,Grassland,10,1124,1246,"non-tropical,",0.07,0.59,0.09,1.03
TG15a,YES,61.6,30.68,-999,Total,mass,1.01,1.2,no,coarse,1,0,0,0,0,1,1,0,-999,Y,N,Pasture,10,530,570,summer maximum,0.04,0.64,0.04,0.99
TG15b,YES,61.6,30.68,-999,Total,mass,0.45,1.2,yes,coarse,2.5,0,0,0,0,1,1,0,-999,Y,N,Pasture,10,530,570,summer maximum,0.04,0.2,0.04,0.2
TG15c,YES,61.6,30.68,-999,Total,mass,1.33,1.2,yes,medium,2.5,0,0,0,0,1,1,0,-999,Y,N,Pasture,10,530,570,summer maximum,0.03,0.17,0.03,0.17
TG16e,YES,49.67,16,~650,Total,mass,1.49,0.3,no,-999,0,0,0,0,0,1,1,0,-999,Y,N,Pasture,10,724,775,summer maximum,0.04,0.19,0.04,0.25
TG16f,YES,49.67,16,-999,Total,mass,0.98,0.3,no,-999,0,0,0,0,0,1,1,0,-999,Y,N,Pasture,10,724,775,summer maximum,0.03,0.23,0.04,0.42
TG16g,YES,49.67,16,-999,Total,mass,0.87,0.3,yes,-999,0,0,0,0,0,1,1,0,-999,Y,N,Pasture,10,724,775,summer maximum,0.03,0.16,0.03,0.21
TG17,YES,49.72,15.97,625,Total,mass,2.76,0.3,no,-999,0,0,0,0,0,1,0,0,-999,Y,N,Pasture,10,725,775,summer maximum,0.04,0.17,0.04,0.21
TG18,YES,51.77,9.53,500,Total,mass,1.11,0.6,no,medium,0,0,0,0,0,1,0,0,-999,Y,N,Pasture,10,637,1060,"non-tropical,",0.02,0.36,0.03,0.57
TG19a,YES,38.73,140.25,500,Total,mass,1.29,1.1,no,fine,0,0,0,0,0,1,0,0,-999,Y,N,Pasture,10,842,1600,summer maximum,0.07,0.52,0.07,0.66
TG19b,YES,35.17,135.58,810,Total,mass,1,0.6,no,fine,0,0,0,0,0,1,0,0,-999,Y,N,Pasture,10,938,2313,summer maximum,0.1,0.41,0.11,0.56
TG22,YES,47.42,7.48,785,Total,mass,1.44,0.25,no,fine,0,0,0,0,0,1,1,0,-999,Y,N,Pasture,10,795,800,"non-tropical,",0.06,0.22,0.09,0.42
TG23a,YES,50.33,27.4,-999,Total,mass,2.78,1,no,coarse,0,0,0,0,0,1,0,0,-999,N,N,Grassland,10,699,590,summer maximum,0.05,0.46,0.05,0.59
TG23b,YES,50.33,27.4,-999,Total,mass,3.54,1,no,coarse,0,0,0,0,0,1,0,0,-999,N,N,Grassland,10,699,590,summer maximum,0.02,0.5,0.02,0.8
TG23c,YES,50.33,27.4,-999,Total,mass,1.46,1,no,medium,0,0,0,0,0,1,0,0,-999,N,N,Grassland,10,699,590,summer maximum,0.07,0.29,0.07,0.3
TG23d,YES,50.33,27.4,-999,Total,mass,1.54,1,no,medium,0,0,0,0,0,1,0,0,-999,N,N,Grassland,10,699,590,summer maximum,0.03,0.36,0.03,0.44
TG23e,YES,51.72,36.22,230,Total,mass,2.01,2,no,fine,0,0,0,0,0,1,0,0,-999,N,N,Grassland,10,692,590,summer maximum,0.03,0.87,0.04,1.09
TG26b,YES,45.87,-110.95,2330,5,mass,1.58,0.5,no,medium,0,0,0,0,0,1,0,0,-999,N,N,Grassland,10,1096,960,winter maximum,0.08,0.35,0.09,0.5
TG27a,YES,-31.28,30,80,Total,mass,4.2,1,no,coarse,0,0,0,0,0,1,1,0,-999,N,N,Grassland,10,1230,1200,summer maximum,0.15,0.76,0.18,1.26
TG27b,YES,-31.28,30,300,Total,mass,3.46,0.75,no,fine,0,0,0,0,0,1,1,0,-999,N,N,Grassland,10,1230,1200,summer maximum,0.08,0.44,0.08,0.6
TG28a,YES,56.25,41.25,-999,Total,mass,0.68,0.8,no,-999,0,0,0,0,0,1,0,0,-999,N,N,Pasture,10,632,591,summer maximum,0.06,0.43,0.06,0.58
TG28b,YES,56.25,41.25,-999,Total,mass,0.69,0.8,no,-999,0,0,0,0,0,1,0,0,-999,N,N,Pasture,10,632,591,summer maximum,0.06,0.25,0.06,0.26
TG28c,YES,56.25,41.25,-999,Total,mass,0.96,0.8,no,-999,0,0,0,0,0,1,0,0,-999,N,N,Pasture,10,632,591,summer maximum,0.01,0.14,0.01,0.16
TG28d,YES,56.25,41.25,-999,Total,mass,1.52,0.8,no,-999,0,0,0,0,0,1,0,0,-999,N,N,Pasture,10,632,591,summer maximum,0.08,0.22,0.08,0.22
TG29,YES,44.53,34.2,1300,Total,mass,2.42,0.3,no,-999,3.5,0,0,0,1,1,1,0,-999,N,N,Grassland,10,939,1000,"non-tropical,",0.05,0.26,0.09,0.5
TG32,YES,52.28,21.05,-999,Total,mass,0.81,0.35,no,coarse,0,0,0,0,0,1,1,0,-999,Y,N,Pasture,10,618,548,summer maximum,0.02,0.21,0.02,0.32
TG35a,YES,40.88,-96.7,-999,Total,mass,1.23,1.22,no,medium,0,0,0,0,0,1,1,0,-999,N,N,Grassland,10,1205,710,summer maximum,0.11,0.82,0.12,1.29
TG35b,YES,40.73,-95.9,-999,Total,mass,1.7,2.13,no,medium,0,0,0,0,0,1,1,0,-999,N,N,Grassland,10,1189,865,summer maximum,0.09,1.38,0.1,1.81
TG36,NO,37.68,-5.92,-999,Total,mass,0.72,0.6,no,medium,0,0,0,0,0,1,0,0,-999,N,N,Grassland,10,1454,720,winter maximum,0.07,0.42,0.08,0.65
TG37,NO,-26.68,28.1,-999,Total,mass,-999,0.61,no,medium,0,0,0,0,0,1,1,0,-999,N,N,Grassland,10,1240,760,summer maximum,0.06,0.38,0.06,0.56
TG38,NO,28.08,-97.26,-999,Total,mass,0.16,0.81,no,coarse,0,0,0,0,0,1,0,0,-999,N,N,Grassland,10,1254,880,summer maximum,0.13,0.69,0.2,1.32
TG39,NO,47.5,14.1,-999,Total,mass,0.31,1,no,medium,0,0,0,0,0,1,0,0,-999,Y,N,Pasture,10,744,1013,summer maximum,0.07,0.47,0.07,0.58
TS01a,YES,34.15,-99.28,-999,Total,number,-999,2,no,fine,0,1,0,0,0,1,0,0,winter-deciduous,N,N,Wooded grassland,7,1450,650,summer maximum,0.48,1.65,0.53,2.25
TS01b,YES,34.15,-99.28,-999,Total,number,-999,2,no,fine,0,1,0,0,0,1,0,0,winter-deciduous,N,N,Wooded grassland,7,1450,650,summer maximum,0.38,1.62,0.43,2.25
TS02a,YES,50.73,30.32,-999,2,mass,-999,1.5,no,coarse,0,0,1,0,0,0,0,0,evergreen,N,N,Woodland,6,685,590,summer maximum,0.03,1.04,0.05,1.99
TS02b,YES,50.47,35.8,-999,2,volume,-999,1.1,no,medium,0,1,0,0,0,0,0,0,winter-deciduous,N,N,Woodland,6,684,552,summer maximum,0,0.65,0.01,1.24
TS02c,YES,49.8,30.12,-999,2,mass,-999,1.1,no,medium,0,1,0,0,0,0,0,0,winter-deciduous,N,N,Woodland,6,769,627,summer maximum,0.09,0.7,0.09,1.06
TS02d,YES,49.53,30.87,-999,2,volume,-999,2,no,-999,0,1,1,0,0,0,0,0,winter-deciduous,N,N,Woodland,6,776,615,summer maximum,0.21,1.59,0.26,2.3
TS02e,YES,48.5,32.27,-999,2,mass,-999,1.1,no,medium,0,1,0,0,0,0,0,0,winter-deciduous,N,N,Woodland,6,759,520,summer maximum,0.1,0.88,0.16,1.68
TS03a,YES,51.72,39.25,-999,Total,mass,0.76,2,no,coarse,0,1,0,0,0,0,0,0,winter-deciduous,N,N,Woodland,6,662,480,summer maximum,0.17,0.52,0.17,0.53
TS03b,YES,51.72,39.25,-999,Total,mass,1.79,1.97,no,coarse,0,1,0,0,0,0,0,0,winter-deciduous,N,N,Woodland,6,662,480,summer maximum,0.18,0.84,0.18,0.91
TS08a,YES,27.65,-98.22,75-90,Total,mass,2.75,2,no,medium,0,1,0,1,0,0,0,0,winter-deciduous,N,N,Wooded grassland,7,1123,716,summer maximum,0.27,1.02,0.27,1.11
TS08b,YES,27.65,-98.22,75-90,Total,mass,1.74,2,no,medium,0,1,0,1,0,0,0,0,winter-deciduous,N,N,Wooded grassland,7,1123,716,summer maximum,0.5,1.49,0.52,1.81
TS14,YES,52.42,64.05,-999,Total,mass,-999,2.6,no,coarse,0,0,1,0,0,0,0,0,evergreen,N,N,Woodland,6,821,255,summer maximum,0.09,1.86,0.1,2.12
TS17a,YES,-26.4,146.27,306,Total,mass,0.58,0.8,no,coarse,0,0,0,0,0,1,1,0,-999,N,N,Grassland,10,1639,483,summer maximum,0.2,0.69,0.26,1.24
TS17b,YES,-26.17,146.27,306,Total,mass,0.19,1.2,no,coarse,0,0,0,0,0,1,1,0,-999,N,N,Grassland,10,1639,483,summer maximum,0.19,0.9,0.22,1.42
TS20a,YES,27.65,-98.22,75-90,Total,mass,20.65,1.5,no,medium,0,1,0,1,0,1,1,0,winter-deciduous,N,N,Wooded grassland,7,1123,716,summer maximum,0.17,1.08,0.2,1.76
TS20b,YES,27.65,-98.22,75-90,Total,mass,5.09,1.5,no,medium,0,0,0,0,0,1,1,0,winter-deciduous,N,N,Wooded grassland,7,1123,716,summer maximum,0.33,1.27,0.43,2.32
TS21,YES,35.3,62.4,-999,Total,mass,3.2,3.2,no,medium,0,1,0,0,0,0,0,0,evergreen,N,N,Woodland,6,1375,289,winter maximum,0.05,1.32,0.05,1.32
TS25a,YES,34.37,-109.38,2000,Total,mass,0.2,0.61,no,-999,0,0,0,0,0,1,0,0,-999,N,N,Grassland,10,1576,297,summer maximum,0.08,0.33,0.08,0.38
TS25b,YES,34.37,-109.38,2000,Total,mass,0.32,0.61,no,-999,0,0,1,0,0,1,0,0,evergreen,N,N,Wooded grassland,7,1576,297,summer maximum,0.18,0.53,0.23,0.98
TS25c,YES,34.37,-109.38,2000,Total,mass,0.74,0.61,no,-999,0,0,1,0,0,1,0,0,evergreen,N,N,Wooded grassland,7,1576,297,summer maximum,0.28,0.56,0.36,1.01
TS26a,YES,45.73,-110.98,1570,5,mass,0.52,0.7,no,medium,0,0,0,1,0,1,0,0,-999,N,N,open shrubland,7,1096,550,summer maximum,0.15,0.58,0.19,1.05
TS26b,YES,45.8,-110.8,1780,5,mass,1.07,0.7,no,medium,0,0,0,1,0,1,0,0,-999,N,N,open shrubland,7,1096,900,summer maximum,0.15,0.6,0.22,1.13
TS27,NO,39.25,-121.28,-999,Fine,mass,2.02,1.5,no,-999,0,1,0,0,0,1,0,0,winter-deciduous,N,N,Wooded grassland,6,1368,730,winter maximum,0.3,1.14,0.3,1.14
TU01a,YES,71.33,-156.65,< 5,Total,mass,2.31,0.55,no,medium,16,0,0,0,0,1,1,0,-999,N,N,Tundra,10,384,104,summer maximum,0.08,0.44,0.08,0.44
TU01b,YES,71.33,-156.65,< 5,Total,mass,1.69,0.6,no,-999,7,0,0,0,0,1,0,0,-999,N,N,Tundra,10,384,104,summer maximum,0.07,0.42,0.07,0.42
TU01c,YES,71.33,-156.65,< 5,Total,mass,1.66,0.4,no,-999,2,0,0,0,0,1,0,0,-999,N,N,Tundra,10,384,104,summer maximum,0.05,0.3,0.05,0.3
TU01d,YES,71.33,-156.65,< 5,Total,mass,2.04,0.4,no,-999,20,0,0,0,0,1,0,0,-999,N,N,Tundra,10,384,104,summer maximum,0.08,0.34,0.08,0.34
TU01e,YES,71.33,-156.65,< 5,Total,mass,2.08,0.6,no,medium,16,0,0,0,0,1,1,0,-999,N,N,Tundra,10,384,104,summer maximum,0.13,0.52,0.13,0.52
TU02,YES,71.33,-156.65,< 5,Total,mass,0.46,0.25,no,medium,16,0,0,0,0,1,1,0,-999,N,N,Tundra,10,384,104,summer maximum,0.05,0.18,0.05,0.18
TU04a,YES,66.67,62.58,143,Total,mass,0.4,0.34,no,medium,18,0,0,0,1,1,0,0,-999,N,N,Tundra,7,377,340,summer maximum,0.04,0.16,0.04,0.16
TU04b,YES,66.67,62.58,143,Total,mass,1.03,0.48,no,-999,12,0,0,1,0,1,0,0,-999,N,N,Tundra,7,377,340,summer maximum,0.03,0.22,0.03,0.22
TU04c,YES,66.67,62.58,143,Total,mass,0.58,0.38,no,medium,18,0,0,0,1,1,0,0,-999,N,N,Tundra,7,377,340,summer maximum,0.03,0.16,0.03,0.16
TU04d,YES,66.67,62.58,143,Total,mass,0.81,0.38,no,-999,12,0,0,1,0,1,0,0,-999,N,N,Tundra,7,377,340,summer maximum,0.1,0.15,0.1,0.15
TU05a,NO,73.33,90.62,-999,Total,mass,3.47,0.5,no,-999,10,0,0,0,1,1,1,0,-999,N,Y,Tundra,10,332,338,summer maximum,0.11,0.4,0.11,0.4
TU05b,NO,73.33,90.62,-999,Total,mass,2.1,0.46,no,-999,6,0,0,0,1,1,1,0,-999,N,Y,Tundra,10,332,338,summer maximum,0.16,0.41,0.16,0.41
TU05c,NO,73.33,90.62,-999,Total,mass,1.43,0.48,no,-999,0,0,0,0,1,1,1,0,-999,N,Y,Tundra,10,332,338,summer maximum,0.13,0.37,0.13,0.37
TU06,YES,75.55,-84.67,50,Total,mass,1.13,0.25,no,organic,5,0,0,0,1,1,1,0,-999,N,N,Tundra,7,230,185,summer maximum,0.12,0.23,0.12,0.23
TU07,YES,72.45,101.95,30-150,5,mass,0.43,0.65,no,medium,11.7,0,0,0,1,1,1,0,-999,N,N,Tundra,7,337,243,summer maximum,0.09,0.41,0.09,0.41
TU12a,YES,65.43,-145.5,750-105,0.25,mass,-999,0.25,no,medium,6,0,0,0,1,0,0,0,-999,N,N,Tundra,7,419,235,summer maximum,0.11,0.22,0.11,0.22
TU12b,YES,65.43,-145.5,750-105,0.25,mass,-999,0.25,no,medium,8,0,0,0,1,0,0,0,-999,N,N,Tundra,7,419,235,summer maximum,0.11,0.21,0.11,0.21
TU12c,YES,65.43,-145.5,750-105,0.25,mass,-999,0.25,no,medium,8,0,0,0,1,0,0,0,-999,N,N,Tundra,7,419,235,summer maximum,0.06,0.17,0.06,0.17
TU12d,YES,65.43,-145.5,750-105,0.25,mass,-999,0.35,no,medium,40,0,0,0,1,1,1,0,-999,N,N,Tundra,8,419,235,summer maximum,0.11,0.28,0.11,0.28
TU12e,YES,65.43,-145.5,750-105,0.25,mass,-999,0.35,no,medium,40,0,0,1,1,1,0,0,-999,N,N,Tundra,7,419,235,summer maximum,0.22,0.34,0.22,0.34
TU12f,YES,65.43,-145.5,750-105,0.25,mass,-999,0.25,no,medium,40,0,0,0,1,1,0,0,-999,N,N,Tundra,7,419,235,summer maximum,0.15,0.24,0.15,0.24
TU12g,YES,65.43,-145.5,750-105,0.25,mass,-999,0.57,no,medium,57,0,0,0,1,1,1,0,-999,N,N,Tundra,7,419,235,summer maximum,0.1,0.43,0.1,0.43
TU12h,YES,65.43,-145.5,750-105,0.25,mass,-999,0.45,no,medium,45,0,0,0,1,1,1,0,-999,N,N,Tundra,7,419,235,summer maximum,0.15,0.36,0.15,0.36
WB01a,YES,33,-92.68,-999,3,mass,0.81,0.9,no,medium,-999,1,1,1,0,0,1,0,winter-deciduous,N,N,Mixed forest / tempe,5,1075,1300,"non-tropical,",0.15,0.74,0.19,1.34
WB01b,YES,33,-92.68,-999,3,mass,1.01,0.9,no,medium,-999,1,1,1,0,0,1,0,winter-deciduous,N,N,Mixed forest / tempe,5,1075,1300,"non-tropical,",0.13,0.7,0.16,1.22
WB02,YES,36.02,-84.27,-999,Total,mass,1.64,0.6,no,medium,0,1,0,0,0,0,0,0,winter-deciduous,N,N,DBL forest / tempera,4,1063,1390,"non-tropical,",0.14,0.46,0.15,0.65
WB04,YES,32.17,130.47,440,Total,mass,6.74,2.4,yes,-999,3,1,0,0,0,0,0,0,evergreen,N,N,EBL forest / tempera,2,1317,2680,summer maximum,0.26,1.62,0.27,1.88
WB05,YES,30.02,120.25,100,Total,mass,3.21,1,no,-999,0,1,0,0,0,0,0,0,evergreen,N,N,EBL forest / tempera,2,741,1800,summer maximum,0.22,0.71,0.23,0.94
WB06,YES,34.93,135.77,65,Total,mass,2.78,0.9,no,-999,0,1,0,0,0,0,0,0,evergreen,N,N,EBL forest / tempera,2,1007,1581,summer maximum,0.17,0.66,0.19,0.96
WB07,YES,29.83,106.43,215,Total,mass,2.88,0.9,no,coarse,0,1,0,0,0,0,0,0,evergreen,N,N,EBL forest / tempera,2,533,1123,summer maximum,0.15,0.62,0.16,0.84
WB08,YES,24.55,101.03,2500,-999,unknown,-999,1.5,no,-999,-999,1,0,1,0,0,0,0,evergreen,N,N,EBL forest / tempera,2,848,1000,"tropical, seas",0.23,1.15,0.27,1.92
WB14,YES,23.45,111.88,400,Total,number,-999,5,no,fine,0,1,0,1,0,0,1,0,evergreen,N,N,EBL forest / tempera,2,736,1744,"tropical, seas",0.73,3.8,0.73,3.8
WB18,YES,35.98,-78.99,-999,Total,number,-999,0.46,no,fine,0,1,0,1,0,0,1,0,winter-deciduous,N,N,DBL forest / tempera,4,991,1190,"non-tropical,",0.11,0.39,0.15,0.74
WC01a,YES,-38,-62.03,300-600,2,mass,0.37,0.5,no,medium,0,0,1,0,0,0,0,0,evergreen,Y,N,ENL plantation / tem,1,1038,800,summer maximum,0.1,0.41,0.12,0.73
WC01b,YES,-38,-62.03,300-600,2,mass,0.27,0.5,no,medium,0,0,1,0,0,0,0,0,evergreen,Y,N,ENL plantation / tem,1,1038,800,summer maximum,0.15,0.45,0.24,0.87
WC01c,YES,-38,-62.03,300-600,2,mass,0.67,0.5,no,medium,0,0,1,0,0,0,0,0,evergreen,Y,N,ENL plantation / tem,1,1038,800,summer maximum,0.1,0.31,0.1,0.36
WC01d,YES,-38,-62.03,300-600,2,mass,0.9,0.5,yes,medium,0,0,1,0,0,0,0,0,evergreen,Y,N,ENL plantation / tem,1,1038,800,summer maximum,0.12,0.42,0.14,0.72
WC01e,YES,-38,-62.03,300-600,2,mass,0.65,0.5,no,medium,0,0,1,0,0,0,0,0,evergreen,Y,N,ENL plantation / tem,1,1038,800,summer maximum,0.17,0.45,0.23,0.83
WC01f,YES,-38,-62.03,300-600,2,mass,0.29,0.5,no,medium,0,0,1,0,0,0,0,0,evergreen,Y,N,ENL plantation / tem,1,1038,800,summer maximum,0.1,0.39,0.11,0.64
WC01g,YES,-38,-62.03,300-600,2,mass,1.04,0.5,no,medium,0,0,1,0,0,0,0,0,evergreen,Y,N,ENL plantation / tem,1,1038,800,summer maximum,0.19,0.46,0.31,0.89
WC01h,YES,-38,-62.03,300-600,2,mass,1.41,0.5,no,medium,0,0,1,0,0,0,0,0,evergreen,Y,N,ENL plantation / tem,1,1038,800,summer maximum,0.13,0.41,0.15,0.65
WC01i,YES,-38,-62.03,300-600,2,mass,0.26,0.5,no,medium,0,0,1,0,0,0,0,0,evergreen,Y,N,ENL plantation / tem,1,1038,800,summer maximum,0.13,0.44,0.18,0.8
WC01j,YES,-38,-62.03,300-600,2,mass,5.58,0.5,no,medium,0,0,1,0,0,0,0,0,evergreen,Y,N,ENL plantation / tem,1,1038,800,summer maximum,0.05,0.3,0.05,0.4
WC01k,YES,-38,-62.03,300-600,2,mass,0.42,0.5,no,medium,0,0,1,0,0,0,0,0,evergreen,Y,N,ENL plantation / tem,1,1038,800,summer maximum,0.13,0.43,0.17,0.78
WC01l,YES,-38,-62.03,300-600,2,mass,1.25,0.5,no,medium,0,0,1,0,0,0,0,0,evergreen,Y,N,ENL plantation / tem,1,1038,800,summer maximum,0.15,0.42,0.17,0.67
WC03,YES,35.93,-79.32,-999,Total,mass,1.08,0.7,no,medium,0,0,1,0,0,0,0,0,evergreen,N,N,ENL forest / tempera,1,985,1160,"non-tropical,",0.12,0.41,0.13,0.47
WC07,YES,29.67,-82.25,53,Total,mass,0.98,2.45,no,medium,0,0,1,1,0,1,1,0,evergreen,N,N,ENL forest / tempera,1,1307,1330,summer maximum,0.12,1.34,0.12,1.51
WC11a,YES,34.68,-82.82,-999,Total,number,-999,1,no,fine,0,0,1,0,0,0,0,0,evergreen,N,N,ENL forest / tempera,1,946,1350,"non-tropical,",0.22,0.83,0.27,1.43
WC11b,YES,34.68,-82.82,-999,Total,number,-999,1,no,fine,0,0,1,0,0,0,0,0,evergreen,N,N,ENL forest / tempera,1,946,1350,"non-tropical,",0.18,0.83,0.23,1.52
WC11c,YES,34.68,-82.82,-999,Total,number,-999,1,no,medium,0,0,1,0,0,0,0,0,evergreen,N,N,ENL forest / tempera,1,946,1350,"non-tropical,",0.26,0.86,0.33,1.52
WC13a,YES,-41.38,146.38,-999,Total,length,-999,0.8,no,medium,2,0,1,0,0,0,0,0,evergreen,Y,N,ENL plantation / tem,1,1109,1100,winter maximum,0.29,0.73,0.44,1.39
WC13b,YES,-42.08,145.28,-999,Total,length,-999,0.8,no,coarse,5,0,1,0,0,0,0,0,evergreen,Y,N,ENL plantation / tem,1,1108,1300,winter maximum,0.13,0.68,0.2,1.3
WC13c,YES,-41.35,146.5,-999,Total,length,-999,0.8,no,medium,3,0,1,0,0,0,0,0,evergreen,Y,N,ENL plantation / tem,1,1109,1100,winter maximum,0.14,0.68,0.22,1.31
WC13d,YES,-41.35,146.5,-999,Total,length,-999,0.8,no,medium,2,0,1,0,0,0,0,0,evergreen,Y,N,ENL plantation / tem,1,1109,1100,winter maximum,0.04,0.61,0.07,1.18
WC13e,YES,-41.23,147.52,-999,Total,length,-999,0.8,no,medium,0,0,1,0,0,0,0,0,evergreen,Y,N,ENL plantation / tem,1,1168,1100,winter maximum,0.18,0.7,0.28,1.34
WC19a,YES,-999,-999,-999,Total,mass,4.02,2.4,yes,-999,-999,0,1,0,0,0,0,0,evergreen,Y,N,ENL plantation / tem,1,-999,-999,-999,0.18,0.55,0.18,0.55
WC19b,YES,-999,-999,-999,Total,mass,5.53,2.4,yes,-999,-999,0,1,0,0,0,0,0,evergreen,Y,N,ENL plantation / tem,1,-999,-999,-999,0.16,0.39,0.16,0.39
WC19c,YES,-999,-999,-999,Total,mass,4.43,2.4,no,-999,-999,0,1,0,0,0,0,0,evergreen,Y,N,ENL plantation / tem,1,-999,-999,-999,0.2,0.81,0.2,0.83
WC19d,YES,-999,-999,-999,Total,mass,4.27,2.4,yes,-999,-999,0,1,0,0,0,0,0,evergreen,Y,N,ENL plantation / tem,1,-999,-999,-999,0.17,0.57,0.17,0.57
WC23a,YES,34.02,-93.93,120,Total,number,-999,0.91,no,medium,0,0,1,0,0,0,0,0,evergreen,N,N,ENL forest / tempera,1,1162,1270,"non-tropical,",0.21,0.72,0.23,1.1
WC23b,YES,33.22,-91.8,50-60,Total,number,-999,0.91,no,medium,0,0,1,0,0,0,0,0,evergreen,N,N,ENL forest / tempera,1,1108,1370,winter maximum,0.2,0.73,0.23,1.19
WC23c,YES,33.22,-93.23,100,Total,number,-999,0.91,no,medium,0,0,1,0,0,0,0,0,evergreen,N,N,ENL forest / tempera,1,1132,1120,"non-tropical,",0.2,0.72,0.22,1.12
